GHO (CODE),GHO (DISPLAY),GHO (URL),YEAR (DISPLAY),STARTYEAR,ENDYEAR,REGION (CODE),REGION (DISPLAY),COUNTRY (CODE),COUNTRY (DISPLAY),DIMENSION (TYPE),DIMENSION (CODE),DIMENSION (NAME),Numeric,Value,Low,High
#indicator+code,#indicator+name,#indicator+url,#date+year,#date+year+start,#date+year+end,#region+code,#region+name,#country+code,#country+name,#dimension+type,#dimension+code,#dimension+name,#indicator+value+num,#indicator+value,#indicator+value+low,#indicator+value+high
GHED_CHE_pc_US_SHA2011,Current health expenditure (CHE) per capita in US$,https://www.who.int/data/gho/data/indicators/indicator-details/GHO/current-health-expenditure-%28che%29-per-capita-in-us-dollar,2000,2000,2000,SEAR,South-East Asia,THA,Thailand,,,,62.21043,62.21,,
GHED_EXTCHE_SHA2011,External health expenditure (EXT) as percentage of current health expenditure (CHE) (%),https://www.who.int/data/gho/data/indicators/indicator-details/GHO/external-health-expenditure-%28ext%29-as-percentage-of-current-health-expenditure-%28che%29-%28-%29,2013,2013,2013,SEAR,South-East Asia,THA,Thailand,,,,0.3113,0.31,,
GHED_GGHE-DCHE_SHA2011,Domestic general government health expenditure (GGHE-D) as percentage of current health expenditure (CHE) (%),https://www.who.int/data/gho/data/indicators/indicator-details/GHO/domestic-general-government-health-expenditure-%28gche-d%29-as-percentage-of-current-health-expenditure,2001,2001,2001,SEAR,South-East Asia,THA,Thailand,,,,55.01472,55.01,,
GHED_GGHE-DGDP_SHA2011,Domestic general government health expenditure (GGHE-D) as percentage of gross domestic product (GDP) (%),https://www.who.int/data/gho/data/indicators/indicator-details/GHO/domestic-general-government-health-expenditure-%28gghe-d%29-as-percentage-of-gross-domestic-product-%28gdp%29-%28-%29,2002,2002,2002,SEAR,South-East Asia,THA,Thailand,,,,2.07637,2.08,,
GHED_EXTCHE_SHA2011,External health expenditure (EXT) as percentage of current health expenditure (CHE) (%),https://www.who.int/data/gho/data/indicators/indicator-details/GHO/external-health-expenditure-%28ext%29-as-percentage-of-current-health-expenditure-%28che%29-%28-%29,2000,2000,2000,SEAR,South-East Asia,THA,Thailand,,,,0.0079,0.01,,
GHED_PVT-D_pc_US_SHA2011,Domestic private health expenditure (PVT-D) per capita in US$,https://www.who.int/data/gho/data/indicators/indicator-details/GHO/domestic-private-health-expenditure-%28pvt-d%29-per-capita-in-usd,2002,2002,2002,SEAR,South-East Asia,THA,Thailand,,,,26.1495,26.15,,
GHED_GGHE-D_pc_US_SHA2011,Domestic general government health expenditure (GGHE-D) per capita in US$,https://www.who.int/data/gho/data/indicators/indicator-details/GHO/domestic-general-government-health-expenditure-%28gghe-d%29-per-capita-in-us,2004,2004,2004,SEAR,South-East Asia,THA,Thailand,,,,53.16293,53.16,,
GHED_EXT_pc_US_SHA2011,External health expenditure (EXT) per capita in US$,https://www.who.int/data/gho/data/indicators/indicator-details/GHO/external-health-expenditure-%28ext%29-per-capita-in-us,2018,2018,2018,SEAR,South-East Asia,THA,Thailand,,,,0.40756,0.41,,
GHED_CHEGDP_SHA2011,Current health expenditure (CHE) as percentage of gross domestic product (GDP) (%),https://www.who.int/data/gho/data/indicators/indicator-details/GHO/current-health-expenditure-%28che%29-as-percentage-of-gross-domestic-product-%28gdp%29-%28-%29,2002,2002,2002,SEAR,South-East Asia,THA,Thailand,,,,3.33472,3.33,,
GHED_OOPSCHE_SHA2011,Out-of-pocket expenditure as percentage of current health expenditure (CHE) (%),https://www.who.int/data/gho/data/indicators/indicator-details/GHO/out-of-pocket-expenditure-as-percentage-of-current-health-expenditure-%28che%29-%28-%29,2017,2017,2017,SEAR,South-East Asia,THA,Thailand,,,,11.8379,11.84,,
GHED_EXT_pc_US_SHA2011,External health expenditure (EXT) per capita in US$,https://www.who.int/data/gho/data/indicators/indicator-details/GHO/external-health-expenditure-%28ext%29-per-capita-in-us,2005,2005,2005,SEAR,South-East Asia,THA,Thailand,,,,0.05186,0.05,,
GHED_CHE_pc_US_SHA2011,Current health expenditure (CHE) per capita in US$,https://www.who.int/data/gho/data/indicators/indicator-details/GHO/current-health-expenditure-%28che%29-per-capita-in-us-dollar,2001,2001,2001,SEAR,South-East Asia,THA,Thailand,,,,57.19389,57.19,,
GHED_GGHE-DGGE_SHA2011,Domestic general government health expenditure (GGHE-D) as percentage of general government expenditure (GGE) (%),https://www.who.int/data/gho/data/indicators/indicator-details/GHO/domestic-general-government-health-expenditure-%28gghe-d%29-as-percentage-of-general-government-expenditure-%28gge%29,2022,2022,2022,SEAR,South-East Asia,THA,Thailand,,,,16.09753,16.10,,
GHED_OOP_pc_US_SHA2011,Out-of-pocket expenditure (OOP) per capita in US$,https://www.who.int/data/gho/data/indicators/indicator-details/GHO/out-of-pocket-expenditure-%28oop%29-per-capita-in-us,2017,2017,2017,SEAR,South-East Asia,THA,Thailand,,,,29.24927,29.25,,
GHED_GGHE-DGGE_SHA2011,Domestic general government health expenditure (GGHE-D) as percentage of general government expenditure (GGE) (%),https://www.who.int/data/gho/data/indicators/indicator-details/GHO/domestic-general-government-health-expenditure-%28gghe-d%29-as-percentage-of-general-government-expenditure-%28gge%29,2021,2021,2021,SEAR,South-East Asia,THA,Thailand,,,,13.70092,13.7,,
GHED_PVT-D_pc_US_SHA2011,Domestic private health expenditure (PVT-D) per capita in US$,https://www.who.int/data/gho/data/indicators/indicator-details/GHO/domestic-private-health-expenditure-%28pvt-d%29-per-capita-in-usd,2001,2001,2001,SEAR,South-East Asia,THA,Thailand,,,,25.71732,25.72,,
GHED_GGHE-DGGE_SHA2011,Domestic general government health expenditure (GGHE-D) as percentage of general government expenditure (GGE) (%),https://www.who.int/data/gho/data/indicators/indicator-details/GHO/domestic-general-government-health-expenditure-%28gghe-d%29-as-percentage-of-general-government-expenditure-%28gge%29,2004,2004,2004,SEAR,South-East Asia,THA,Thailand,,,,10.71347,10.71,,
GHED_OOPSCHE_SHA2011,Out-of-pocket expenditure as percentage of current health expenditure (CHE) (%),https://www.who.int/data/gho/data/indicators/indicator-details/GHO/out-of-pocket-expenditure-as-percentage-of-current-health-expenditure-%28che%29-%28-%29,2008,2008,2008,SEAR,South-East Asia,THA,Thailand,,,,14.70176,14.7,,
GHED_GGHE-DGGE_SHA2011,Domestic general government health expenditure (GGHE-D) as percentage of general government expenditure (GGE) (%),https://www.who.int/data/gho/data/indicators/indicator-details/GHO/domestic-general-government-health-expenditure-%28gghe-d%29-as-percentage-of-general-government-expenditure-%28gge%29,2003,2003,2003,SEAR,South-East Asia,THA,Thailand,,,,11.45679,11.46,,
GHED_CHEGDP_SHA2011,Current health expenditure (CHE) as percentage of gross domestic product (GDP) (%),https://www.who.int/data/gho/data/indicators/indicator-details/GHO/current-health-expenditure-%28che%29-as-percentage-of-gross-domestic-product-%28gdp%29-%28-%29,2004,2004,2004,SEAR,South-East Asia,THA,Thailand,,,,3.13893,3.14,,
GHED_GGHE-D_pc_US_SHA2011,Domestic general government health expenditure (GGHE-D) per capita in US$,https://www.who.int/data/gho/data/indicators/indicator-details/GHO/domestic-general-government-health-expenditure-%28gghe-d%29-per-capita-in-us,2005,2005,2005,SEAR,South-East Asia,THA,Thailand,,,,57.72865,57.73,,
GHED_CHEGDP_SHA2011,Current health expenditure (CHE) as percentage of gross domestic product (GDP) (%),https://www.who.int/data/gho/data/indicators/indicator-details/GHO/current-health-expenditure-%28che%29-as-percentage-of-gross-domestic-product-%28gdp%29-%28-%29,2022,2022,2022,SEAR,South-East Asia,THA,Thailand,,,,5.35471,5.35,,
GHED_GGHE-D_pc_US_SHA2011,Domestic general government health expenditure (GGHE-D) per capita in US$,https://www.who.int/data/gho/data/indicators/indicator-details/GHO/domestic-general-government-health-expenditure-%28gghe-d%29-per-capita-in-us,2016,2016,2016,SEAR,South-East Asia,THA,Thailand,,,,166.33858,166.34,,
GHED_EXTCHE_SHA2011,External health expenditure (EXT) as percentage of current health expenditure (CHE) (%),https://www.who.int/data/gho/data/indicators/indicator-details/GHO/external-health-expenditure-%28ext%29-as-percentage-of-current-health-expenditure-%28che%29-%28-%29,2015,2015,2015,SEAR,South-East Asia,THA,Thailand,,,,0.27881,0.28,,
GHED_EXT_pc_US_SHA2011,External health expenditure (EXT) per capita in US$,https://www.who.int/data/gho/data/indicators/indicator-details/GHO/external-health-expenditure-%28ext%29-per-capita-in-us,2015,2015,2015,SEAR,South-East Asia,THA,Thailand,,,,0.61101,0.61,,
GHED_PVT-DCHE_SHA2011,Domestic private health expenditure (PVT-D) as percentage of current health expenditure (CHE) (%),https://www.who.int/data/gho/data/indicators/indicator-details/GHO/domestic-private-health-expenditure-%28pvt-d%29-as-percentage-of-current-health-expenditure-%28che%29-%28-%29,2021,2021,2021,SEAR,South-East Asia,THA,Thailand,,,,29.54946,29.55,,
GHED_OOP_pc_US_SHA2011,Out-of-pocket expenditure (OOP) per capita in US$,https://www.who.int/data/gho/data/indicators/indicator-details/GHO/out-of-pocket-expenditure-%28oop%29-per-capita-in-us,2005,2005,2005,SEAR,South-East Asia,THA,Thailand,,,,24.99342,24.99,,
GHED_EXT_pc_US_SHA2011,External health expenditure (EXT) per capita in US$,https://www.who.int/data/gho/data/indicators/indicator-details/GHO/external-health-expenditure-%28ext%29-per-capita-in-us,2004,2004,2004,SEAR,South-East Asia,THA,Thailand,,,,0.14852,0.15,,
GHED_EXTCHE_SHA2011,External health expenditure (EXT) as percentage of current health expenditure (CHE) (%),https://www.who.int/data/gho/data/indicators/indicator-details/GHO/external-health-expenditure-%28ext%29-as-percentage-of-current-health-expenditure-%28che%29-%28-%29,2003,2003,2003,SEAR,South-East Asia,THA,Thailand,,,,0.18176,0.18,,
GHED_PVT-D_pc_US_SHA2011,Domestic private health expenditure (PVT-D) per capita in US$,https://www.who.int/data/gho/data/indicators/indicator-details/GHO/domestic-private-health-expenditure-%28pvt-d%29-per-capita-in-usd,2019,2019,2019,SEAR,South-East Asia,THA,Thailand,,,,81.38163,81.38,,
GHED_GGHE-D_pc_US_SHA2011,Domestic general government health expenditure (GGHE-D) per capita in US$,https://www.who.int/data/gho/data/indicators/indicator-details/GHO/domestic-general-government-health-expenditure-%28gghe-d%29-per-capita-in-us,2000,2000,2000,SEAR,South-East Asia,THA,Thailand,,,,34.33291,34.33,,
GHED_CHEGDP_SHA2011,Current health expenditure (CHE) as percentage of gross domestic product (GDP) (%),https://www.who.int/data/gho/data/indicators/indicator-details/GHO/current-health-expenditure-%28che%29-as-percentage-of-gross-domestic-product-%28gdp%29-%28-%29,2005,2005,2005,SEAR,South-East Asia,THA,Thailand,,,,3.15972,3.16,,
GHED_CHE_pc_US_SHA2011,Current health expenditure (CHE) per capita in US$,https://www.who.int/data/gho/data/indicators/indicator-details/GHO/current-health-expenditure-%28che%29-per-capita-in-us-dollar,2013,2013,2013,SEAR,South-East Asia,THA,Thailand,,,,207.81244,207.81,,
GHED_EXTCHE_SHA2011,External health expenditure (EXT) as percentage of current health expenditure (CHE) (%),https://www.who.int/data/gho/data/indicators/indicator-details/GHO/external-health-expenditure-%28ext%29-as-percentage-of-current-health-expenditure-%28che%29-%28-%29,2001,2001,2001,SEAR,South-East Asia,THA,Thailand,,,,0.02013,0.02,,
GHED_EXTCHE_SHA2011,External health expenditure (EXT) as percentage of current health expenditure (CHE) (%),https://www.who.int/data/gho/data/indicators/indicator-details/GHO/external-health-expenditure-%28ext%29-as-percentage-of-current-health-expenditure-%28che%29-%28-%29,2011,2011,2011,SEAR,South-East Asia,THA,Thailand,,,,0.19193,0.19,,
GHED_GGHE-D_pc_US_SHA2011,Domestic general government health expenditure (GGHE-D) per capita in US$,https://www.who.int/data/gho/data/indicators/indicator-details/GHO/domestic-general-government-health-expenditure-%28gghe-d%29-per-capita-in-us,2003,2003,2003,SEAR,South-East Asia,THA,Thailand,,,,48.02053,48.02,,
GHED_GGHE-D_pc_US_SHA2011,Domestic general government health expenditure (GGHE-D) per capita in US$,https://www.who.int/data/gho/data/indicators/indicator-details/GHO/domestic-general-government-health-expenditure-%28gghe-d%29-per-capita-in-us,2020,2020,2020,SEAR,South-East Asia,THA,Thailand,,,,214.17554,214.18,,
GHED_CHE_pc_US_SHA2011,Current health expenditure (CHE) per capita in US$,https://www.who.int/data/gho/data/indicators/indicator-details/GHO/current-health-expenditure-%28che%29-per-capita-in-us-dollar,2003,2003,2003,SEAR,South-East Asia,THA,Thailand,,,,76.13368,76.13,,
GHED_EXTCHE_SHA2011,External health expenditure (EXT) as percentage of current health expenditure (CHE) (%),https://www.who.int/data/gho/data/indicators/indicator-details/GHO/external-health-expenditure-%28ext%29-as-percentage-of-current-health-expenditure-%28che%29-%28-%29,2020,2020,2020,SEAR,South-East Asia,THA,Thailand,,,,0.07919,0.08,,
GHED_OOP_pc_US_SHA2011,Out-of-pocket expenditure (OOP) per capita in US$,https://www.who.int/data/gho/data/indicators/indicator-details/GHO/out-of-pocket-expenditure-%28oop%29-per-capita-in-us,2021,2021,2021,SEAR,South-East Asia,THA,Thailand,,,,32.8974,32.9,,
GHED_EXTCHE_SHA2011,External health expenditure (EXT) as percentage of current health expenditure (CHE) (%),https://www.who.int/data/gho/data/indicators/indicator-details/GHO/external-health-expenditure-%28ext%29-as-percentage-of-current-health-expenditure-%28che%29-%28-%29,2007,2007,2007,SEAR,South-East Asia,THA,Thailand,,,,0.0534,0.05,,
GHED_GGHE-DCHE_SHA2011,Domestic general government health expenditure (GGHE-D) as percentage of current health expenditure (CHE) (%),https://www.who.int/data/gho/data/indicators/indicator-details/GHO/domestic-general-government-health-expenditure-%28gche-d%29-as-percentage-of-current-health-expenditure,2002,2002,2002,SEAR,South-East Asia,THA,Thailand,,,,62.2651,62.27,,
GHED_OOP_pc_US_SHA2011,Out-of-pocket expenditure (OOP) per capita in US$,https://www.who.int/data/gho/data/indicators/indicator-details/GHO/out-of-pocket-expenditure-%28oop%29-per-capita-in-us,2014,2014,2014,SEAR,South-East Asia,THA,Thailand,,,,27.4791,27.48,,
GHED_OOP_pc_US_SHA2011,Out-of-pocket expenditure (OOP) per capita in US$,https://www.who.int/data/gho/data/indicators/indicator-details/GHO/out-of-pocket-expenditure-%28oop%29-per-capita-in-us,2001,2001,2001,SEAR,South-East Asia,THA,Thailand,,,,19.43941,19.44,,
GHED_OOP_pc_US_SHA2011,Out-of-pocket expenditure (OOP) per capita in US$,https://www.who.int/data/gho/data/indicators/indicator-details/GHO/out-of-pocket-expenditure-%28oop%29-per-capita-in-us,2008,2008,2008,SEAR,South-East Asia,THA,Thailand,,,,21.91557,21.92,,
GHED_GGHE-DCHE_SHA2011,Domestic general government health expenditure (GGHE-D) as percentage of current health expenditure (CHE) (%),https://www.who.int/data/gho/data/indicators/indicator-details/GHO/domestic-general-government-health-expenditure-%28gche-d%29-as-percentage-of-current-health-expenditure,2011,2011,2011,SEAR,South-East Asia,THA,Thailand,,,,76.42584,76.43,,
GHED_GGHE-D_pc_US_SHA2011,Domestic general government health expenditure (GGHE-D) per capita in US$,https://www.who.int/data/gho/data/indicators/indicator-details/GHO/domestic-general-government-health-expenditure-%28gghe-d%29-per-capita-in-us,2019,2019,2019,SEAR,South-East Asia,THA,Thailand,,,,206.60111,206.6,,
GHED_GGHE-DGDP_SHA2011,Domestic general government health expenditure (GGHE-D) as percentage of gross domestic product (GDP) (%),https://www.who.int/data/gho/data/indicators/indicator-details/GHO/domestic-general-government-health-expenditure-%28gghe-d%29-as-percentage-of-gross-domestic-product-%28gdp%29-%28-%29,2010,2010,2010,SEAR,South-East Asia,THA,Thailand,,,,2.50096,2.5,,
GHED_GGHE-DGDP_SHA2011,Domestic general government health expenditure (GGHE-D) as percentage of gross domestic product (GDP) (%),https://www.who.int/data/gho/data/indicators/indicator-details/GHO/domestic-general-government-health-expenditure-%28gghe-d%29-as-percentage-of-gross-domestic-product-%28gdp%29-%28-%29,2016,2016,2016,SEAR,South-East Asia,THA,Thailand,,,,2.8514,2.85,,
GHED_OOP_pc_US_SHA2011,Out-of-pocket expenditure (OOP) per capita in US$,https://www.who.int/data/gho/data/indicators/indicator-details/GHO/out-of-pocket-expenditure-%28oop%29-per-capita-in-us,2022,2022,2022,SEAR,South-East Asia,THA,Thailand,,,,34.08058,34.08,,
GHED_CHEGDP_SHA2011,Current health expenditure (CHE) as percentage of gross domestic product (GDP) (%),https://www.who.int/data/gho/data/indicators/indicator-details/GHO/current-health-expenditure-%28che%29-as-percentage-of-gross-domestic-product-%28gdp%29-%28-%29,2003,2003,2003,SEAR,South-East Asia,THA,Thailand,,,,3.24313,3.24,,
GHED_PVT-DCHE_SHA2011,Domestic private health expenditure (PVT-D) as percentage of current health expenditure (CHE) (%),https://www.who.int/data/gho/data/indicators/indicator-details/GHO/domestic-private-health-expenditure-%28pvt-d%29-as-percentage-of-current-health-expenditure-%28che%29-%28-%29,2017,2017,2017,SEAR,South-East Asia,THA,Thailand,,,,27.8763,27.88,,
GHED_CHE_pc_US_SHA2011,Current health expenditure (CHE) per capita in US$,https://www.who.int/data/gho/data/indicators/indicator-details/GHO/current-health-expenditure-%28che%29-per-capita-in-us-dollar,2005,2005,2005,SEAR,South-East Asia,THA,Thailand,,,,90.61147,90.61,,
GHED_PVT-DCHE_SHA2011,Domestic private health expenditure (PVT-D) as percentage of current health expenditure (CHE) (%),https://www.who.int/data/gho/data/indicators/indicator-details/GHO/domestic-private-health-expenditure-%28pvt-d%29-as-percentage-of-current-health-expenditure-%28che%29-%28-%29,2016,2016,2016,SEAR,South-East Asia,THA,Thailand,,,,27.5231,27.52,,
GHED_CHEGDP_SHA2011,Current health expenditure (CHE) as percentage of gross domestic product (GDP) (%),https://www.who.int/data/gho/data/indicators/indicator-details/GHO/current-health-expenditure-%28che%29-as-percentage-of-gross-domestic-product-%28gdp%29-%28-%29,2020,2020,2020,SEAR,South-East Asia,THA,Thailand,,,,4.35725,4.36,,
GHED_PVT-D_pc_US_SHA2011,Domestic private health expenditure (PVT-D) per capita in US$,https://www.who.int/data/gho/data/indicators/indicator-details/GHO/domestic-private-health-expenditure-%28pvt-d%29-per-capita-in-usd,2011,2011,2011,SEAR,South-East Asia,THA,Thailand,,,,44.83418,44.83,,
GHED_EXTCHE_SHA2011,External health expenditure (EXT) as percentage of current health expenditure (CHE) (%),https://www.who.int/data/gho/data/indicators/indicator-details/GHO/external-health-expenditure-%28ext%29-as-percentage-of-current-health-expenditure-%28che%29-%28-%29,2005,2005,2005,SEAR,South-East Asia,THA,Thailand,,,,0.05723,0.06,,
GHED_PVT-D_pc_US_SHA2011,Domestic private health expenditure (PVT-D) per capita in US$,https://www.who.int/data/gho/data/indicators/indicator-details/GHO/domestic-private-health-expenditure-%28pvt-d%29-per-capita-in-usd,2016,2016,2016,SEAR,South-East Asia,THA,Thailand,,,,63.24395,63.24,,
GHED_EXTCHE_SHA2011,External health expenditure (EXT) as percentage of current health expenditure (CHE) (%),https://www.who.int/data/gho/data/indicators/indicator-details/GHO/external-health-expenditure-%28ext%29-as-percentage-of-current-health-expenditure-%28che%29-%28-%29,2016,2016,2016,SEAR,South-East Asia,THA,Thailand,,,,0.08811,0.09,,
GHED_PVT-DCHE_SHA2011,Domestic private health expenditure (PVT-D) as percentage of current health expenditure (CHE) (%),https://www.who.int/data/gho/data/indicators/indicator-details/GHO/domestic-private-health-expenditure-%28pvt-d%29-as-percentage-of-current-health-expenditure-%28che%29-%28-%29,2003,2003,2003,SEAR,South-East Asia,THA,Thailand,,,,36.74428,36.74,,
GHED_GGHE-DGDP_SHA2011,Domestic general government health expenditure (GGHE-D) as percentage of gross domestic product (GDP) (%),https://www.who.int/data/gho/data/indicators/indicator-details/GHO/domestic-general-government-health-expenditure-%28gghe-d%29-as-percentage-of-gross-domestic-product-%28gdp%29-%28-%29,2001,2001,2001,SEAR,South-East Asia,THA,Thailand,,,,1.66488,1.66,,
GHED_GGHE-DGDP_SHA2011,Domestic general government health expenditure (GGHE-D) as percentage of gross domestic product (GDP) (%),https://www.who.int/data/gho/data/indicators/indicator-details/GHO/domestic-general-government-health-expenditure-%28gghe-d%29-as-percentage-of-gross-domestic-product-%28gdp%29-%28-%29,2012,2012,2012,SEAR,South-East Asia,THA,Thailand,,,,2.68024,2.68,,
GHED_CHE_pc_US_SHA2011,Current health expenditure (CHE) per capita in US$,https://www.who.int/data/gho/data/indicators/indicator-details/GHO/current-health-expenditure-%28che%29-per-capita-in-us-dollar,2015,2015,2015,SEAR,South-East Asia,THA,Thailand,,,,219.15092,219.15,,
GHED_OOP_pc_US_SHA2011,Out-of-pocket expenditure (OOP) per capita in US$,https://www.who.int/data/gho/data/indicators/indicator-details/GHO/out-of-pocket-expenditure-%28oop%29-per-capita-in-us,2013,2013,2013,SEAR,South-East Asia,THA,Thailand,,,,26.06016,26.06,,
GHED_GGHE-DGDP_SHA2011,Domestic general government health expenditure (GGHE-D) as percentage of gross domestic product (GDP) (%),https://www.who.int/data/gho/data/indicators/indicator-details/GHO/domestic-general-government-health-expenditure-%28gghe-d%29-as-percentage-of-gross-domestic-product-%28gdp%29-%28-%29,2003,2003,2003,SEAR,South-East Asia,THA,Thailand,,,,2.04557,2.05,,
GHED_EXT_pc_US_SHA2011,External health expenditure (EXT) per capita in US$,https://www.who.int/data/gho/data/indicators/indicator-details/GHO/external-health-expenditure-%28ext%29-per-capita-in-us,2009,2009,2009,SEAR,South-East Asia,THA,Thailand,,,,0.10703,0.11,,
GHED_PVT-D_pc_US_SHA2011,Domestic private health expenditure (PVT-D) per capita in US$,https://www.who.int/data/gho/data/indicators/indicator-details/GHO/domestic-private-health-expenditure-%28pvt-d%29-per-capita-in-usd,2020,2020,2020,SEAR,South-East Asia,THA,Thailand,,,,89.96518,89.97,,
GHED_PVT-DCHE_SHA2011,Domestic private health expenditure (PVT-D) as percentage of current health expenditure (CHE) (%),https://www.who.int/data/gho/data/indicators/indicator-details/GHO/domestic-private-health-expenditure-%28pvt-d%29-as-percentage-of-current-health-expenditure-%28che%29-%28-%29,2006,2006,2006,SEAR,South-East Asia,THA,Thailand,,,,27.99164,27.99,,
GHED_GGHE-DCHE_SHA2011,Domestic general government health expenditure (GGHE-D) as percentage of current health expenditure (CHE) (%),https://www.who.int/data/gho/data/indicators/indicator-details/GHO/domestic-general-government-health-expenditure-%28gche-d%29-as-percentage-of-current-health-expenditure,2010,2010,2010,SEAR,South-East Asia,THA,Thailand,,,,73.7725,73.77,,
GHED_OOPSCHE_SHA2011,Out-of-pocket expenditure as percentage of current health expenditure (CHE) (%),https://www.who.int/data/gho/data/indicators/indicator-details/GHO/out-of-pocket-expenditure-as-percentage-of-current-health-expenditure-%28che%29-%28-%29,2016,2016,2016,SEAR,South-East Asia,THA,Thailand,,,,10.81303,10.81,,
GHED_PVT-DCHE_SHA2011,Domestic private health expenditure (PVT-D) as percentage of current health expenditure (CHE) (%),https://www.who.int/data/gho/data/indicators/indicator-details/GHO/domestic-private-health-expenditure-%28pvt-d%29-as-percentage-of-current-health-expenditure-%28che%29-%28-%29,2001,2001,2001,SEAR,South-East Asia,THA,Thailand,,,,44.96515,44.97,,
GHED_GGHE-DGDP_SHA2011,Domestic general government health expenditure (GGHE-D) as percentage of gross domestic product (GDP) (%),https://www.who.int/data/gho/data/indicators/indicator-details/GHO/domestic-general-government-health-expenditure-%28gghe-d%29-as-percentage-of-gross-domestic-product-%28gdp%29-%28-%29,2019,2019,2019,SEAR,South-East Asia,THA,Thailand,,,,2.71525,2.72,,
GHED_GGHE-DCHE_SHA2011,Domestic general government health expenditure (GGHE-D) as percentage of current health expenditure (CHE) (%),https://www.who.int/data/gho/data/indicators/indicator-details/GHO/domestic-general-government-health-expenditure-%28gche-d%29-as-percentage-of-current-health-expenditure,2018,2018,2018,SEAR,South-East Asia,THA,Thailand,,,,70.86565,70.87,,
GHED_GGHE-DGDP_SHA2011,Domestic general government health expenditure (GGHE-D) as percentage of gross domestic product (GDP) (%),https://www.who.int/data/gho/data/indicators/indicator-details/GHO/domestic-general-government-health-expenditure-%28gghe-d%29-as-percentage-of-gross-domestic-product-%28gdp%29-%28-%29,2007,2007,2007,SEAR,South-East Asia,THA,Thailand,,,,2.41406,2.41,,
GHED_CHE_pc_US_SHA2011,Current health expenditure (CHE) per capita in US$,https://www.who.int/data/gho/data/indicators/indicator-details/GHO/current-health-expenditure-%28che%29-per-capita-in-us-dollar,2022,2022,2022,SEAR,South-East Asia,THA,Thailand,,,,369.97647,369.98,,
GHED_EXTCHE_SHA2011,External health expenditure (EXT) as percentage of current health expenditure (CHE) (%),https://www.who.int/data/gho/data/indicators/indicator-details/GHO/external-health-expenditure-%28ext%29-as-percentage-of-current-health-expenditure-%28che%29-%28-%29,2018,2018,2018,SEAR,South-East Asia,THA,Thailand,,,,0.14836,0.15,,
GHED_EXTCHE_SHA2011,External health expenditure (EXT) as percentage of current health expenditure (CHE) (%),https://www.who.int/data/gho/data/indicators/indicator-details/GHO/external-health-expenditure-%28ext%29-as-percentage-of-current-health-expenditure-%28che%29-%28-%29,2017,2017,2017,SEAR,South-East Asia,THA,Thailand,,,,0.08552,0.09,,
GHED_CHEGDP_SHA2011,Current health expenditure (CHE) as percentage of gross domestic product (GDP) (%),https://www.who.int/data/gho/data/indicators/indicator-details/GHO/current-health-expenditure-%28che%29-as-percentage-of-gross-domestic-product-%28gdp%29-%28-%29,2018,2018,2018,SEAR,South-East Asia,THA,Thailand,,,,3.8704,3.87,,
GHED_PVT-D_pc_US_SHA2011,Domestic private health expenditure (PVT-D) per capita in US$,https://www.who.int/data/gho/data/indicators/indicator-details/GHO/domestic-private-health-expenditure-%28pvt-d%29-per-capita-in-usd,2012,2012,2012,SEAR,South-East Asia,THA,Thailand,,,,47.98429,47.98,,
GHED_PVT-DCHE_SHA2011,Domestic private health expenditure (PVT-D) as percentage of current health expenditure (CHE) (%),https://www.who.int/data/gho/data/indicators/indicator-details/GHO/domestic-private-health-expenditure-%28pvt-d%29-as-percentage-of-current-health-expenditure-%28che%29-%28-%29,2020,2020,2020,SEAR,South-East Asia,THA,Thailand,,,,29.55669,29.56,,
GHED_PVT-DCHE_SHA2011,Domestic private health expenditure (PVT-D) as percentage of current health expenditure (CHE) (%),https://www.who.int/data/gho/data/indicators/indicator-details/GHO/domestic-private-health-expenditure-%28pvt-d%29-as-percentage-of-current-health-expenditure-%28che%29-%28-%29,2000,2000,2000,SEAR,South-East Asia,THA,Thailand,,,,44.80375,44.8,,
GHED_CHEGDP_SHA2011,Current health expenditure (CHE) as percentage of gross domestic product (GDP) (%),https://www.who.int/data/gho/data/indicators/indicator-details/GHO/current-health-expenditure-%28che%29-as-percentage-of-gross-domestic-product-%28gdp%29-%28-%29,2017,2017,2017,SEAR,South-East Asia,THA,Thailand,,,,3.85277,3.85,,
GHED_OOP_pc_US_SHA2011,Out-of-pocket expenditure (OOP) per capita in US$,https://www.who.int/data/gho/data/indicators/indicator-details/GHO/out-of-pocket-expenditure-%28oop%29-per-capita-in-us,2018,2018,2018,SEAR,South-East Asia,THA,Thailand,,,,27.77642,27.78,,
GHED_EXTCHE_SHA2011,External health expenditure (EXT) as percentage of current health expenditure (CHE) (%),https://www.who.int/data/gho/data/indicators/indicator-details/GHO/external-health-expenditure-%28ext%29-as-percentage-of-current-health-expenditure-%28che%29-%28-%29,2019,2019,2019,SEAR,South-East Asia,THA,Thailand,,,,0.11385,0.11,,
GHED_PVT-DCHE_SHA2011,Domestic private health expenditure (PVT-D) as percentage of current health expenditure (CHE) (%),https://www.who.int/data/gho/data/indicators/indicator-details/GHO/domestic-private-health-expenditure-%28pvt-d%29-as-percentage-of-current-health-expenditure-%28che%29-%28-%29,2005,2005,2005,SEAR,South-East Asia,THA,Thailand,,,,36.23268,36.23,,
GHED_CHEGDP_SHA2011,Current health expenditure (CHE) as percentage of gross domestic product (GDP) (%),https://www.who.int/data/gho/data/indicators/indicator-details/GHO/current-health-expenditure-%28che%29-as-percentage-of-gross-domestic-product-%28gdp%29-%28-%29,2008,2008,2008,SEAR,South-East Asia,THA,Thailand,,,,3.45934,3.46,,
GHED_EXT_pc_US_SHA2011,External health expenditure (EXT) per capita in US$,https://www.who.int/data/gho/data/indicators/indicator-details/GHO/external-health-expenditure-%28ext%29-per-capita-in-us,2016,2016,2016,SEAR,South-East Asia,THA,Thailand,,,,0.20247,0.2,,
GHED_CHE_pc_US_SHA2011,Current health expenditure (CHE) per capita in US$,https://www.who.int/data/gho/data/indicators/indicator-details/GHO/current-health-expenditure-%28che%29-per-capita-in-us-dollar,2020,2020,2020,SEAR,South-East Asia,THA,Thailand,,,,304.38177,304.38,,
GHED_PVT-DCHE_SHA2011,Domestic private health expenditure (PVT-D) as percentage of current health expenditure (CHE) (%),https://www.who.int/data/gho/data/indicators/indicator-details/GHO/domestic-private-health-expenditure-%28pvt-d%29-as-percentage-of-current-health-expenditure-%28che%29-%28-%29,2011,2011,2011,SEAR,South-East Asia,THA,Thailand,,,,23.38224,23.38,,
GHED_EXT_pc_US_SHA2011,External health expenditure (EXT) per capita in US$,https://www.who.int/data/gho/data/indicators/indicator-details/GHO/external-health-expenditure-%28ext%29-per-capita-in-us,2013,2013,2013,SEAR,South-East Asia,THA,Thailand,,,,0.64691,0.65,,
GHED_PVT-DCHE_SHA2011,Domestic private health expenditure (PVT-D) as percentage of current health expenditure (CHE) (%),https://www.who.int/data/gho/data/indicators/indicator-details/GHO/domestic-private-health-expenditure-%28pvt-d%29-as-percentage-of-current-health-expenditure-%28che%29-%28-%29,2012,2012,2012,SEAR,South-East Asia,THA,Thailand,,,,23.78911,23.79,,
GHED_PVT-DCHE_SHA2011,Domestic private health expenditure (PVT-D) as percentage of current health expenditure (CHE) (%),https://www.who.int/data/gho/data/indicators/indicator-details/GHO/domestic-private-health-expenditure-%28pvt-d%29-as-percentage-of-current-health-expenditure-%28che%29-%28-%29,2010,2010,2010,SEAR,South-East Asia,THA,Thailand,,,,26.09715,26.1,,
GHED_EXT_pc_US_SHA2011,External health expenditure (EXT) per capita in US$,https://www.who.int/data/gho/data/indicators/indicator-details/GHO/external-health-expenditure-%28ext%29-per-capita-in-us,2010,2010,2010,SEAR,South-East Asia,THA,Thailand,,,,0.2198,0.22,,
GHED_OOPSCHE_SHA2011,Out-of-pocket expenditure as percentage of current health expenditure (CHE) (%),https://www.who.int/data/gho/data/indicators/indicator-details/GHO/out-of-pocket-expenditure-as-percentage-of-current-health-expenditure-%28che%29-%28-%29,2009,2009,2009,SEAR,South-East Asia,THA,Thailand,,,,15.90249,15.9,,
GHED_PVT-DCHE_SHA2011,Domestic private health expenditure (PVT-D) as percentage of current health expenditure (CHE) (%),https://www.who.int/data/gho/data/indicators/indicator-details/GHO/domestic-private-health-expenditure-%28pvt-d%29-as-percentage-of-current-health-expenditure-%28che%29-%28-%29,2019,2019,2019,SEAR,South-East Asia,THA,Thailand,,,,28.22701,28.23,,
GHED_OOP_pc_US_SHA2011,Out-of-pocket expenditure (OOP) per capita in US$,https://www.who.int/data/gho/data/indicators/indicator-details/GHO/out-of-pocket-expenditure-%28oop%29-per-capita-in-us,2016,2016,2016,SEAR,South-East Asia,THA,Thailand,,,,24.84673,24.85,,
GHED_PVT-DCHE_SHA2011,Domestic private health expenditure (PVT-D) as percentage of current health expenditure (CHE) (%),https://www.who.int/data/gho/data/indicators/indicator-details/GHO/domestic-private-health-expenditure-%28pvt-d%29-as-percentage-of-current-health-expenditure-%28che%29-%28-%29,2014,2014,2014,SEAR,South-East Asia,THA,Thailand,,,,23.97713,23.98,,
GHED_EXT_pc_US_SHA2011,External health expenditure (EXT) per capita in US$,https://www.who.int/data/gho/data/indicators/indicator-details/GHO/external-health-expenditure-%28ext%29-per-capita-in-us,2000,2000,2000,SEAR,South-East Asia,THA,Thailand,,,,0.00492,0,,
GHED_OOPSCHE_SHA2011,Out-of-pocket expenditure as percentage of current health expenditure (CHE) (%),https://www.who.int/data/gho/data/indicators/indicator-details/GHO/out-of-pocket-expenditure-as-percentage-of-current-health-expenditure-%28che%29-%28-%29,2002,2002,2002,SEAR,South-East Asia,THA,Thailand,,,,27.89708,27.9,,
GHED_GGHE-DGDP_SHA2011,Domestic general government health expenditure (GGHE-D) as percentage of gross domestic product (GDP) (%),https://www.who.int/data/gho/data/indicators/indicator-details/GHO/domestic-general-government-health-expenditure-%28gghe-d%29-as-percentage-of-gross-domestic-product-%28gdp%29-%28-%29,2013,2013,2013,SEAR,South-East Asia,THA,Thailand,,,,2.62275,2.62,,
GHED_GGHE-D_pc_US_SHA2011,Domestic general government health expenditure (GGHE-D) per capita in US$,https://www.who.int/data/gho/data/indicators/indicator-details/GHO/domestic-general-government-health-expenditure-%28gghe-d%29-per-capita-in-us,2011,2011,2011,SEAR,South-East Asia,THA,Thailand,,,,146.54245,146.54,,
GHED_GGHE-DGDP_SHA2011,Domestic general government health expenditure (GGHE-D) as percentage of gross domestic product (GDP) (%),https://www.who.int/data/gho/data/indicators/indicator-details/GHO/domestic-general-government-health-expenditure-%28gghe-d%29-as-percentage-of-gross-domestic-product-%28gdp%29-%28-%29,2000,2000,2000,SEAR,South-East Asia,THA,Thailand,,,,1.71153,1.71,,
GHED_PVT-D_pc_US_SHA2011,Domestic private health expenditure (PVT-D) per capita in US$,https://www.who.int/data/gho/data/indicators/indicator-details/GHO/domestic-private-health-expenditure-%28pvt-d%29-per-capita-in-usd,2007,2007,2007,SEAR,South-East Asia,THA,Thailand,,,,30.44749,30.45,,
GHED_EXTCHE_SHA2011,External health expenditure (EXT) as percentage of current health expenditure (CHE) (%),https://www.who.int/data/gho/data/indicators/indicator-details/GHO/external-health-expenditure-%28ext%29-as-percentage-of-current-health-expenditure-%28che%29-%28-%29,2004,2004,2004,SEAR,South-East Asia,THA,Thailand,,,,0.17912,0.18,,
GHED_PVT-DCHE_SHA2011,Domestic private health expenditure (PVT-D) as percentage of current health expenditure (CHE) (%),https://www.who.int/data/gho/data/indicators/indicator-details/GHO/domestic-private-health-expenditure-%28pvt-d%29-as-percentage-of-current-health-expenditure-%28che%29-%28-%29,2018,2018,2018,SEAR,South-East Asia,THA,Thailand,,,,28.98599,28.99,,
GHED_GGHE-DGDP_SHA2011,Domestic general government health expenditure (GGHE-D) as percentage of gross domestic product (GDP) (%),https://www.who.int/data/gho/data/indicators/indicator-details/GHO/domestic-general-government-health-expenditure-%28gghe-d%29-as-percentage-of-gross-domestic-product-%28gdp%29-%28-%29,2014,2014,2014,SEAR,South-East Asia,THA,Thailand,,,,2.78856,2.79,,
GHED_PVT-DCHE_SHA2011,Domestic private health expenditure (PVT-D) as percentage of current health expenditure (CHE) (%),https://www.who.int/data/gho/data/indicators/indicator-details/GHO/domestic-private-health-expenditure-%28pvt-d%29-as-percentage-of-current-health-expenditure-%28che%29-%28-%29,2013,2013,2013,SEAR,South-East Asia,THA,Thailand,,,,23.73594,23.74,,
GHED_CHEGDP_SHA2011,Current health expenditure (CHE) as percentage of gross domestic product (GDP) (%),https://www.who.int/data/gho/data/indicators/indicator-details/GHO/current-health-expenditure-%28che%29-as-percentage-of-gross-domestic-product-%28gdp%29-%28-%29,2010,2010,2010,SEAR,South-East Asia,THA,Thailand,,,,3.3901,3.39,,
GHED_PVT-DCHE_SHA2011,Domestic private health expenditure (PVT-D) as percentage of current health expenditure (CHE) (%),https://www.who.int/data/gho/data/indicators/indicator-details/GHO/domestic-private-health-expenditure-%28pvt-d%29-as-percentage-of-current-health-expenditure-%28che%29-%28-%29,2022,2022,2022,SEAR,South-East Asia,THA,Thailand,,,,27.2299,27.23,,
GHED_OOP_pc_US_SHA2011,Out-of-pocket expenditure (OOP) per capita in US$,https://www.who.int/data/gho/data/indicators/indicator-details/GHO/out-of-pocket-expenditure-%28oop%29-per-capita-in-us,2015,2015,2015,SEAR,South-East Asia,THA,Thailand,,,,26.10222,26.1,,
GHED_GGHE-DCHE_SHA2011,Domestic general government health expenditure (GGHE-D) as percentage of current health expenditure (CHE) (%),https://www.who.int/data/gho/data/indicators/indicator-details/GHO/domestic-general-government-health-expenditure-%28gche-d%29-as-percentage-of-current-health-expenditure,2016,2016,2016,SEAR,South-East Asia,THA,Thailand,,,,72.38879,72.39,,
GHED_OOP_pc_US_SHA2011,Out-of-pocket expenditure (OOP) per capita in US$,https://www.who.int/data/gho/data/indicators/indicator-details/GHO/out-of-pocket-expenditure-%28oop%29-per-capita-in-us,2002,2002,2002,SEAR,South-East Asia,THA,Thailand,,,,19.44077,19.44,,
GHED_GGHE-DGDP_SHA2011,Domestic general government health expenditure (GGHE-D) as percentage of gross domestic product (GDP) (%),https://www.who.int/data/gho/data/indicators/indicator-details/GHO/domestic-general-government-health-expenditure-%28gghe-d%29-as-percentage-of-gross-domestic-product-%28gdp%29-%28-%29,2011,2011,2011,SEAR,South-East Asia,THA,Thailand,,,,2.72707,2.73,,
GHED_OOPSCHE_SHA2011,Out-of-pocket expenditure as percentage of current health expenditure (CHE) (%),https://www.who.int/data/gho/data/indicators/indicator-details/GHO/out-of-pocket-expenditure-as-percentage-of-current-health-expenditure-%28che%29-%28-%29,2007,2007,2007,SEAR,South-East Asia,THA,Thailand,,,,14.81379,14.81,,
GHED_PVT-D_pc_US_SHA2011,Domestic private health expenditure (PVT-D) per capita in US$,https://www.who.int/data/gho/data/indicators/indicator-details/GHO/domestic-private-health-expenditure-%28pvt-d%29-per-capita-in-usd,2008,2008,2008,SEAR,South-East Asia,THA,Thailand,,,,36.52382,36.52,,
GHED_GGHE-DCHE_SHA2011,Domestic general government health expenditure (GGHE-D) as percentage of current health expenditure (CHE) (%),https://www.who.int/data/gho/data/indicators/indicator-details/GHO/domestic-general-government-health-expenditure-%28gche-d%29-as-percentage-of-current-health-expenditure,2021,2021,2021,SEAR,South-East Asia,THA,Thailand,,,,70.36208,70.36,,
GHED_PVT-D_pc_US_SHA2011,Domestic private health expenditure (PVT-D) per capita in US$,https://www.who.int/data/gho/data/indicators/indicator-details/GHO/domestic-private-health-expenditure-%28pvt-d%29-per-capita-in-usd,2018,2018,2018,SEAR,South-East Asia,THA,Thailand,,,,79.62806,79.63,,
GHED_CHE_pc_US_SHA2011,Current health expenditure (CHE) per capita in US$,https://www.who.int/data/gho/data/indicators/indicator-details/GHO/current-health-expenditure-%28che%29-per-capita-in-us-dollar,2019,2019,2019,SEAR,South-East Asia,THA,Thailand,,,,288.31097,288.31,,
GHED_CHE_pc_US_SHA2011,Current health expenditure (CHE) per capita in US$,https://www.who.int/data/gho/data/indicators/indicator-details/GHO/current-health-expenditure-%28che%29-per-capita-in-us-dollar,2016,2016,2016,SEAR,South-East Asia,THA,Thailand,,,,229.78499,229.78,,
GHED_CHEGDP_SHA2011,Current health expenditure (CHE) as percentage of gross domestic product (GDP) (%),https://www.who.int/data/gho/data/indicators/indicator-details/GHO/current-health-expenditure-%28che%29-as-percentage-of-gross-domestic-product-%28gdp%29-%28-%29,2015,2015,2015,SEAR,South-East Asia,THA,Thailand,,,,3.85229,3.85,,
GHED_CHE_pc_US_SHA2011,Current health expenditure (CHE) per capita in US$,https://www.who.int/data/gho/data/indicators/indicator-details/GHO/current-health-expenditure-%28che%29-per-capita-in-us-dollar,2006,2006,2006,SEAR,South-East Asia,THA,Thailand,,,,103.26117,103.26,,
GHED_EXTCHE_SHA2011,External health expenditure (EXT) as percentage of current health expenditure (CHE) (%),https://www.who.int/data/gho/data/indicators/indicator-details/GHO/external-health-expenditure-%28ext%29-as-percentage-of-current-health-expenditure-%28che%29-%28-%29,2006,2006,2006,SEAR,South-East Asia,THA,Thailand,,,,0.0559,0.06,,
GHED_CHEGDP_SHA2011,Current health expenditure (CHE) as percentage of gross domestic product (GDP) (%),https://www.who.int/data/gho/data/indicators/indicator-details/GHO/current-health-expenditure-%28che%29-as-percentage-of-gross-domestic-product-%28gdp%29-%28-%29,2011,2011,2011,SEAR,South-East Asia,THA,Thailand,,,,3.56825,3.57,,
GHED_PVT-D_pc_US_SHA2011,Domestic private health expenditure (PVT-D) per capita in US$,https://www.who.int/data/gho/data/indicators/indicator-details/GHO/domestic-private-health-expenditure-%28pvt-d%29-per-capita-in-usd,2014,2014,2014,SEAR,South-East Asia,THA,Thailand,,,,51.24966,51.25,,
GHED_GGHE-D_pc_US_SHA2011,Domestic general government health expenditure (GGHE-D) per capita in US$,https://www.who.int/data/gho/data/indicators/indicator-details/GHO/domestic-general-government-health-expenditure-%28gghe-d%29-per-capita-in-us,2012,2012,2012,SEAR,South-East Asia,THA,Thailand,,,,153.45789,153.46,,
GHED_EXT_pc_US_SHA2011,External health expenditure (EXT) per capita in US$,https://www.who.int/data/gho/data/indicators/indicator-details/GHO/external-health-expenditure-%28ext%29-per-capita-in-us,2006,2006,2006,SEAR,South-East Asia,THA,Thailand,,,,0.05772,0.06,,
GHED_GGHE-DGGE_SHA2011,Domestic general government health expenditure (GGHE-D) as percentage of general government expenditure (GGE) (%),https://www.who.int/data/gho/data/indicators/indicator-details/GHO/domestic-general-government-health-expenditure-%28gghe-d%29-as-percentage-of-general-government-expenditure-%28gge%29,2007,2007,2007,SEAR,South-East Asia,THA,Thailand,,,,12.38447,12.38,,
GHED_GGHE-D_pc_US_SHA2011,Domestic general government health expenditure (GGHE-D) per capita in US$,https://www.who.int/data/gho/data/indicators/indicator-details/GHO/domestic-general-government-health-expenditure-%28gghe-d%29-per-capita-in-us,2006,2006,2006,SEAR,South-East Asia,THA,Thailand,,,,74.29895,74.3,,
GHED_OOPSCHE_SHA2011,Out-of-pocket expenditure as percentage of current health expenditure (CHE) (%),https://www.who.int/data/gho/data/indicators/indicator-details/GHO/out-of-pocket-expenditure-as-percentage-of-current-health-expenditure-%28che%29-%28-%29,2000,2000,2000,SEAR,South-East Asia,THA,Thailand,,,,34.18559,34.19,,
GHED_GGHE-D_pc_US_SHA2011,Domestic general government health expenditure (GGHE-D) per capita in US$,https://www.who.int/data/gho/data/indicators/indicator-details/GHO/domestic-general-government-health-expenditure-%28gghe-d%29-per-capita-in-us,2015,2015,2015,SEAR,South-East Asia,THA,Thailand,,,,156.36961,156.37,,
GHED_OOPSCHE_SHA2011,Out-of-pocket expenditure as percentage of current health expenditure (CHE) (%),https://www.who.int/data/gho/data/indicators/indicator-details/GHO/out-of-pocket-expenditure-as-percentage-of-current-health-expenditure-%28che%29-%28-%29,2003,2003,2003,SEAR,South-East Asia,THA,Thailand,,,,27.1678,27.17,,
GHED_EXTCHE_SHA2011,External health expenditure (EXT) as percentage of current health expenditure (CHE) (%),https://www.who.int/data/gho/data/indicators/indicator-details/GHO/external-health-expenditure-%28ext%29-as-percentage-of-current-health-expenditure-%28che%29-%28-%29,2009,2009,2009,SEAR,South-East Asia,THA,Thailand,,,,0.07151,0.07,,
GHED_PVT-DCHE_SHA2011,Domestic private health expenditure (PVT-D) as percentage of current health expenditure (CHE) (%),https://www.who.int/data/gho/data/indicators/indicator-details/GHO/domestic-private-health-expenditure-%28pvt-d%29-as-percentage-of-current-health-expenditure-%28che%29-%28-%29,2008,2008,2008,SEAR,South-East Asia,THA,Thailand,,,,24.50151,24.5,,
GHED_CHE_pc_US_SHA2011,Current health expenditure (CHE) per capita in US$,https://www.who.int/data/gho/data/indicators/indicator-details/GHO/current-health-expenditure-%28che%29-per-capita-in-us-dollar,2017,2017,2017,SEAR,South-East Asia,THA,Thailand,,,,247.08153,247.08,,
GHED_GGHE-D_pc_US_SHA2011,Domestic general government health expenditure (GGHE-D) per capita in US$,https://www.who.int/data/gho/data/indicators/indicator-details/GHO/domestic-general-government-health-expenditure-%28gghe-d%29-per-capita-in-us,2017,2017,2017,SEAR,South-East Asia,THA,Thailand,,,,177.99303,177.99,,
GHED_CHEGDP_SHA2011,Current health expenditure (CHE) as percentage of gross domestic product (GDP) (%),https://www.who.int/data/gho/data/indicators/indicator-details/GHO/current-health-expenditure-%28che%29-as-percentage-of-gross-domestic-product-%28gdp%29-%28-%29,2001,2001,2001,SEAR,South-East Asia,THA,Thailand,,,,3.02624,3.03,,
GHED_CHEGDP_SHA2011,Current health expenditure (CHE) as percentage of gross domestic product (GDP) (%),https://www.who.int/data/gho/data/indicators/indicator-details/GHO/current-health-expenditure-%28che%29-as-percentage-of-gross-domestic-product-%28gdp%29-%28-%29,2009,2009,2009,SEAR,South-East Asia,THA,Thailand,,,,3.6194,3.62,,
GHED_CHE_pc_US_SHA2011,Current health expenditure (CHE) per capita in US$,https://www.who.int/data/gho/data/indicators/indicator-details/GHO/current-health-expenditure-%28che%29-per-capita-in-us-dollar,2007,2007,2007,SEAR,South-East Asia,THA,Thailand,,,,125.10979,125.11,,
GHED_OOP_pc_US_SHA2011,Out-of-pocket expenditure (OOP) per capita in US$,https://www.who.int/data/gho/data/indicators/indicator-details/GHO/out-of-pocket-expenditure-%28oop%29-per-capita-in-us,2004,2004,2004,SEAR,South-East Asia,THA,Thailand,,,,21.89738,21.9,,
GHED_GGHE-DGGE_SHA2011,Domestic general government health expenditure (GGHE-D) as percentage of general government expenditure (GGE) (%),https://www.who.int/data/gho/data/indicators/indicator-details/GHO/domestic-general-government-health-expenditure-%28gghe-d%29-as-percentage-of-general-government-expenditure-%28gge%29,2001,2001,2001,SEAR,South-East Asia,THA,Thailand,,,,8.37691,8.38,,
GHED_GGHE-DCHE_SHA2011,Domestic general government health expenditure (GGHE-D) as percentage of current health expenditure (CHE) (%),https://www.who.int/data/gho/data/indicators/indicator-details/GHO/domestic-general-government-health-expenditure-%28gche-d%29-as-percentage-of-current-health-expenditure,2017,2017,2017,SEAR,South-East Asia,THA,Thailand,,,,72.03819,72.04,,
GHED_EXT_pc_US_SHA2011,External health expenditure (EXT) per capita in US$,https://www.who.int/data/gho/data/indicators/indicator-details/GHO/external-health-expenditure-%28ext%29-per-capita-in-us,2011,2011,2011,SEAR,South-East Asia,THA,Thailand,,,,0.36801,0.37,,
GHED_PVT-DCHE_SHA2011,Domestic private health expenditure (PVT-D) as percentage of current health expenditure (CHE) (%),https://www.who.int/data/gho/data/indicators/indicator-details/GHO/domestic-private-health-expenditure-%28pvt-d%29-as-percentage-of-current-health-expenditure-%28che%29-%28-%29,2009,2009,2009,SEAR,South-East Asia,THA,Thailand,,,,26.79976,26.8,,
GHED_GGHE-DGGE_SHA2011,Domestic general government health expenditure (GGHE-D) as percentage of general government expenditure (GGE) (%),https://www.who.int/data/gho/data/indicators/indicator-details/GHO/domestic-general-government-health-expenditure-%28gghe-d%29-as-percentage-of-general-government-expenditure-%28gge%29,2008,2008,2008,SEAR,South-East Asia,THA,Thailand,,,,13.49732,13.5,,
GHED_PVT-DCHE_SHA2011,Domestic private health expenditure (PVT-D) as percentage of current health expenditure (CHE) (%),https://www.who.int/data/gho/data/indicators/indicator-details/GHO/domestic-private-health-expenditure-%28pvt-d%29-as-percentage-of-current-health-expenditure-%28che%29-%28-%29,2004,2004,2004,SEAR,South-East Asia,THA,Thailand,,,,35.70491,35.7,,
GHED_GGHE-DGGE_SHA2011,Domestic general government health expenditure (GGHE-D) as percentage of general government expenditure (GGE) (%),https://www.who.int/data/gho/data/indicators/indicator-details/GHO/domestic-general-government-health-expenditure-%28gghe-d%29-as-percentage-of-general-government-expenditure-%28gge%29,2020,2020,2020,SEAR,South-East Asia,THA,Thailand,,,,12.14998,12.15,,
GHED_GGHE-DGGE_SHA2011,Domestic general government health expenditure (GGHE-D) as percentage of general government expenditure (GGE) (%),https://www.who.int/data/gho/data/indicators/indicator-details/GHO/domestic-general-government-health-expenditure-%28gghe-d%29-as-percentage-of-general-government-expenditure-%28gge%29,2009,2009,2009,SEAR,South-East Asia,THA,Thailand,,,,12.45869,12.46,,
GHED_OOP_pc_US_SHA2011,Out-of-pocket expenditure (OOP) per capita in US$,https://www.who.int/data/gho/data/indicators/indicator-details/GHO/out-of-pocket-expenditure-%28oop%29-per-capita-in-us,2006,2006,2006,SEAR,South-East Asia,THA,Thailand,,,,18.23268,18.23,,
GHED_PVT-DCHE_SHA2011,Domestic private health expenditure (PVT-D) as percentage of current health expenditure (CHE) (%),https://www.who.int/data/gho/data/indicators/indicator-details/GHO/domestic-private-health-expenditure-%28pvt-d%29-as-percentage-of-current-health-expenditure-%28che%29-%28-%29,2015,2015,2015,SEAR,South-East Asia,THA,Thailand,,,,28.36872,28.37,,
GHED_OOP_pc_US_SHA2011,Out-of-pocket expenditure (OOP) per capita in US$,https://www.who.int/data/gho/data/indicators/indicator-details/GHO/out-of-pocket-expenditure-%28oop%29-per-capita-in-us,2010,2010,2010,SEAR,South-East Asia,THA,Thailand,,,,24.44532,24.45,,
GHED_GGHE-D_pc_US_SHA2011,Domestic general government health expenditure (GGHE-D) per capita in US$,https://www.who.int/data/gho/data/indicators/indicator-details/GHO/domestic-general-government-health-expenditure-%28gghe-d%29-per-capita-in-us,2002,2002,2002,SEAR,South-East Asia,THA,Thailand,,,,43.39097,43.39,,
GHED_CHE_pc_US_SHA2011,Current health expenditure (CHE) per capita in US$,https://www.who.int/data/gho/data/indicators/indicator-details/GHO/current-health-expenditure-%28che%29-per-capita-in-us-dollar,2011,2011,2011,SEAR,South-East Asia,THA,Thailand,,,,191.74464,191.74,,
GHED_CHEGDP_SHA2011,Current health expenditure (CHE) as percentage of gross domestic product (GDP) (%),https://www.who.int/data/gho/data/indicators/indicator-details/GHO/current-health-expenditure-%28che%29-as-percentage-of-gross-domestic-product-%28gdp%29-%28-%29,2013,2013,2013,SEAR,South-East Asia,THA,Thailand,,,,3.45313,3.45,,
GHED_EXT_pc_US_SHA2011,External health expenditure (EXT) per capita in US$,https://www.who.int/data/gho/data/indicators/indicator-details/GHO/external-health-expenditure-%28ext%29-per-capita-in-us,2007,2007,2007,SEAR,South-East Asia,THA,Thailand,,,,0.06681,0.07,,
GHED_GGHE-D_pc_US_SHA2011,Domestic general government health expenditure (GGHE-D) per capita in US$,https://www.who.int/data/gho/data/indicators/indicator-details/GHO/domestic-general-government-health-expenditure-%28gghe-d%29-per-capita-in-us,2018,2018,2018,SEAR,South-East Asia,THA,Thailand,,,,194.67661,194.68,,
GHED_GGHE-DGDP_SHA2011,Domestic general government health expenditure (GGHE-D) as percentage of gross domestic product (GDP) (%),https://www.who.int/data/gho/data/indicators/indicator-details/GHO/domestic-general-government-health-expenditure-%28gghe-d%29-as-percentage-of-gross-domestic-product-%28gdp%29-%28-%29,2017,2017,2017,SEAR,South-East Asia,THA,Thailand,,,,2.77546,2.78,,
GHED_CHEGDP_SHA2011,Current health expenditure (CHE) as percentage of gross domestic product (GDP) (%),https://www.who.int/data/gho/data/indicators/indicator-details/GHO/current-health-expenditure-%28che%29-as-percentage-of-gross-domestic-product-%28gdp%29-%28-%29,2014,2014,2014,SEAR,South-East Asia,THA,Thailand,,,,3.68448,3.68,,
GHED_OOPSCHE_SHA2011,Out-of-pocket expenditure as percentage of current health expenditure (CHE) (%),https://www.who.int/data/gho/data/indicators/indicator-details/GHO/out-of-pocket-expenditure-as-percentage-of-current-health-expenditure-%28che%29-%28-%29,2004,2004,2004,SEAR,South-East Asia,THA,Thailand,,,,26.40885,26.41,,
GHED_PVT-D_pc_US_SHA2011,Domestic private health expenditure (PVT-D) per capita in US$,https://www.who.int/data/gho/data/indicators/indicator-details/GHO/domestic-private-health-expenditure-%28pvt-d%29-per-capita-in-usd,2017,2017,2017,SEAR,South-East Asia,THA,Thailand,,,,68.87719,68.88,,
GHED_OOPSCHE_SHA2011,Out-of-pocket expenditure as percentage of current health expenditure (CHE) (%),https://www.who.int/data/gho/data/indicators/indicator-details/GHO/out-of-pocket-expenditure-as-percentage-of-current-health-expenditure-%28che%29-%28-%29,2021,2021,2021,SEAR,South-East Asia,THA,Thailand,,,,9.0445,9.04,,
GHED_CHE_pc_US_SHA2011,Current health expenditure (CHE) per capita in US$,https://www.who.int/data/gho/data/indicators/indicator-details/GHO/current-health-expenditure-%28che%29-per-capita-in-us-dollar,2018,2018,2018,SEAR,South-East Asia,THA,Thailand,,,,274.71222,274.71,,
GHED_GGHE-D_pc_US_SHA2011,Domestic general government health expenditure (GGHE-D) per capita in US$,https://www.who.int/data/gho/data/indicators/indicator-details/GHO/domestic-general-government-health-expenditure-%28gghe-d%29-per-capita-in-us,2008,2008,2008,SEAR,South-East Asia,THA,Thailand,,,,112.3505,112.35,,
GHED_GGHE-DGDP_SHA2011,Domestic general government health expenditure (GGHE-D) as percentage of gross domestic product (GDP) (%),https://www.who.int/data/gho/data/indicators/indicator-details/GHO/domestic-general-government-health-expenditure-%28gghe-d%29-as-percentage-of-gross-domestic-product-%28gdp%29-%28-%29,2005,2005,2005,SEAR,South-East Asia,THA,Thailand,,,,2.01306,2.01,,
GHED_OOP_pc_US_SHA2011,Out-of-pocket expenditure (OOP) per capita in US$,https://www.who.int/data/gho/data/indicators/indicator-details/GHO/out-of-pocket-expenditure-%28oop%29-per-capita-in-us,2012,2012,2012,SEAR,South-East Asia,THA,Thailand,,,,27.07284,27.07,,
GHED_CHE_pc_US_SHA2011,Current health expenditure (CHE) per capita in US$,https://www.who.int/data/gho/data/indicators/indicator-details/GHO/current-health-expenditure-%28che%29-per-capita-in-us-dollar,2014,2014,2014,SEAR,South-East Asia,THA,Thailand,,,,213.74396,213.74,,
GHED_GGHE-DGGE_SHA2011,Domestic general government health expenditure (GGHE-D) as percentage of general government expenditure (GGE) (%),https://www.who.int/data/gho/data/indicators/indicator-details/GHO/domestic-general-government-health-expenditure-%28gghe-d%29-as-percentage-of-general-government-expenditure-%28gge%29,2000,2000,2000,SEAR,South-East Asia,THA,Thailand,,,,9.24875,9.25,,
GHED_GGHE-D_pc_US_SHA2011,Domestic general government health expenditure (GGHE-D) per capita in US$,https://www.who.int/data/gho/data/indicators/indicator-details/GHO/domestic-general-government-health-expenditure-%28gghe-d%29-per-capita-in-us,2022,2022,2022,SEAR,South-East Asia,THA,Thailand,,,,268.96381,268.96,,
GHED_GGHE-DCHE_SHA2011,Domestic general government health expenditure (GGHE-D) as percentage of current health expenditure (CHE) (%),https://www.who.int/data/gho/data/indicators/indicator-details/GHO/domestic-general-government-health-expenditure-%28gche-d%29-as-percentage-of-current-health-expenditure,2008,2008,2008,SEAR,South-East Asia,THA,Thailand,,,,75.36881,75.37,,
GHED_EXT_pc_US_SHA2011,External health expenditure (EXT) per capita in US$,https://www.who.int/data/gho/data/indicators/indicator-details/GHO/external-health-expenditure-%28ext%29-per-capita-in-us,2017,2017,2017,SEAR,South-East Asia,THA,Thailand,,,,0.21131,0.21,,
GHED_PVT-DCHE_SHA2011,Domestic private health expenditure (PVT-D) as percentage of current health expenditure (CHE) (%),https://www.who.int/data/gho/data/indicators/indicator-details/GHO/domestic-private-health-expenditure-%28pvt-d%29-as-percentage-of-current-health-expenditure-%28che%29-%28-%29,2002,2002,2002,SEAR,South-East Asia,THA,Thailand,,,,37.52397,37.52,,
GHED_CHEGDP_SHA2011,Current health expenditure (CHE) as percentage of gross domestic product (GDP) (%),https://www.who.int/data/gho/data/indicators/indicator-details/GHO/current-health-expenditure-%28che%29-as-percentage-of-gross-domestic-product-%28gdp%29-%28-%29,2019,2019,2019,SEAR,South-East Asia,THA,Thailand,,,,3.78912,3.79,,
GHED_OOPSCHE_SHA2011,Out-of-pocket expenditure as percentage of current health expenditure (CHE) (%),https://www.who.int/data/gho/data/indicators/indicator-details/GHO/out-of-pocket-expenditure-as-percentage-of-current-health-expenditure-%28che%29-%28-%29,2022,2022,2022,SEAR,South-East Asia,THA,Thailand,,,,9.21155,9.21,,
GHED_CHE_pc_US_SHA2011,Current health expenditure (CHE) per capita in US$,https://www.who.int/data/gho/data/indicators/indicator-details/GHO/current-health-expenditure-%28che%29-per-capita-in-us-dollar,2008,2008,2008,SEAR,South-East Asia,THA,Thailand,,,,149.06763,149.07,,
GHED_OOP_pc_US_SHA2011,Out-of-pocket expenditure (OOP) per capita in US$,https://www.who.int/data/gho/data/indicators/indicator-details/GHO/out-of-pocket-expenditure-%28oop%29-per-capita-in-us,2007,2007,2007,SEAR,South-East Asia,THA,Thailand,,,,18.53351,18.53,,
GHED_GGHE-DGDP_SHA2011,Domestic general government health expenditure (GGHE-D) as percentage of gross domestic product (GDP) (%),https://www.who.int/data/gho/data/indicators/indicator-details/GHO/domestic-general-government-health-expenditure-%28gghe-d%29-as-percentage-of-gross-domestic-product-%28gdp%29-%28-%29,2021,2021,2021,SEAR,South-East Asia,THA,Thailand,,,,3.62602,3.63,,
GHED_OOPSCHE_SHA2011,Out-of-pocket expenditure as percentage of current health expenditure (CHE) (%),https://www.who.int/data/gho/data/indicators/indicator-details/GHO/out-of-pocket-expenditure-as-percentage-of-current-health-expenditure-%28che%29-%28-%29,2015,2015,2015,SEAR,South-East Asia,THA,Thailand,,,,11.91062,11.91,,
GHED_GGHE-DGGE_SHA2011,Domestic general government health expenditure (GGHE-D) as percentage of general government expenditure (GGE) (%),https://www.who.int/data/gho/data/indicators/indicator-details/GHO/domestic-general-government-health-expenditure-%28gghe-d%29-as-percentage-of-general-government-expenditure-%28gge%29,2015,2015,2015,SEAR,South-East Asia,THA,Thailand,,,,12.53229,12.53,,
GHED_EXT_pc_US_SHA2011,External health expenditure (EXT) per capita in US$,https://www.who.int/data/gho/data/indicators/indicator-details/GHO/external-health-expenditure-%28ext%29-per-capita-in-us,2008,2008,2008,SEAR,South-East Asia,THA,Thailand,,,,0.1933,0.19,,
GHED_PVT-D_pc_US_SHA2011,Domestic private health expenditure (PVT-D) per capita in US$,https://www.who.int/data/gho/data/indicators/indicator-details/GHO/domestic-private-health-expenditure-%28pvt-d%29-per-capita-in-usd,2021,2021,2021,SEAR,South-East Asia,THA,Thailand,,,,107.4798,107.48,,
GHED_GGHE-DGGE_SHA2011,Domestic general government health expenditure (GGHE-D) as percentage of general government expenditure (GGE) (%),https://www.who.int/data/gho/data/indicators/indicator-details/GHO/domestic-general-government-health-expenditure-%28gghe-d%29-as-percentage-of-general-government-expenditure-%28gge%29,2018,2018,2018,SEAR,South-East Asia,THA,Thailand,,,,13.00497,13,,
GHED_PVT-D_pc_US_SHA2011,Domestic private health expenditure (PVT-D) per capita in US$,https://www.who.int/data/gho/data/indicators/indicator-details/GHO/domestic-private-health-expenditure-%28pvt-d%29-per-capita-in-usd,2004,2004,2004,SEAR,South-East Asia,THA,Thailand,,,,29.60537,29.61,,
GHED_CHEGDP_SHA2011,Current health expenditure (CHE) as percentage of gross domestic product (GDP) (%),https://www.who.int/data/gho/data/indicators/indicator-details/GHO/current-health-expenditure-%28che%29-as-percentage-of-gross-domestic-product-%28gdp%29-%28-%29,2000,2000,2000,SEAR,South-East Asia,THA,Thailand,,,,3.10125,3.1,,
GHED_GGHE-DCHE_SHA2011,Domestic general government health expenditure (GGHE-D) as percentage of current health expenditure (CHE) (%),https://www.who.int/data/gho/data/indicators/indicator-details/GHO/domestic-general-government-health-expenditure-%28gche-d%29-as-percentage-of-current-health-expenditure,2007,2007,2007,SEAR,South-East Asia,THA,Thailand,,,,75.60999,75.61,,
GHED_EXTCHE_SHA2011,External health expenditure (EXT) as percentage of current health expenditure (CHE) (%),https://www.who.int/data/gho/data/indicators/indicator-details/GHO/external-health-expenditure-%28ext%29-as-percentage-of-current-health-expenditure-%28che%29-%28-%29,2014,2014,2014,SEAR,South-East Asia,THA,Thailand,,,,0.33892,0.34,,
GHED_OOPSCHE_SHA2011,Out-of-pocket expenditure as percentage of current health expenditure (CHE) (%),https://www.who.int/data/gho/data/indicators/indicator-details/GHO/out-of-pocket-expenditure-as-percentage-of-current-health-expenditure-%28che%29-%28-%29,2010,2010,2010,SEAR,South-East Asia,THA,Thailand,,,,14.49738,14.5,,
GHED_EXTCHE_SHA2011,External health expenditure (EXT) as percentage of current health expenditure (CHE) (%),https://www.who.int/data/gho/data/indicators/indicator-details/GHO/external-health-expenditure-%28ext%29-as-percentage-of-current-health-expenditure-%28che%29-%28-%29,2002,2002,2002,SEAR,South-East Asia,THA,Thailand,,,,0.21093,0.21,,
GHED_EXT_pc_US_SHA2011,External health expenditure (EXT) per capita in US$,https://www.who.int/data/gho/data/indicators/indicator-details/GHO/external-health-expenditure-%28ext%29-per-capita-in-us,2014,2014,2014,SEAR,South-East Asia,THA,Thailand,,,,0.72443,0.72,,
GHED_GGHE-DGGE_SHA2011,Domestic general government health expenditure (GGHE-D) as percentage of general government expenditure (GGE) (%),https://www.who.int/data/gho/data/indicators/indicator-details/GHO/domestic-general-government-health-expenditure-%28gghe-d%29-as-percentage-of-general-government-expenditure-%28gge%29,2013,2013,2013,SEAR,South-East Asia,THA,Thailand,,,,12.16349,12.16,,
GHED_GGHE-DGDP_SHA2011,Domestic general government health expenditure (GGHE-D) as percentage of gross domestic product (GDP) (%),https://www.who.int/data/gho/data/indicators/indicator-details/GHO/domestic-general-government-health-expenditure-%28gghe-d%29-as-percentage-of-gross-domestic-product-%28gdp%29-%28-%29,2020,2020,2020,SEAR,South-East Asia,THA,Thailand,,,,3.06594,3.07,,
GHED_CHE_pc_US_SHA2011,Current health expenditure (CHE) per capita in US$,https://www.who.int/data/gho/data/indicators/indicator-details/GHO/current-health-expenditure-%28che%29-per-capita-in-us-dollar,2009,2009,2009,SEAR,South-East Asia,THA,Thailand,,,,149.67801,149.68,,
GHED_GGHE-DGDP_SHA2011,Domestic general government health expenditure (GGHE-D) as percentage of gross domestic product (GDP) (%),https://www.who.int/data/gho/data/indicators/indicator-details/GHO/domestic-general-government-health-expenditure-%28gghe-d%29-as-percentage-of-gross-domestic-product-%28gdp%29-%28-%29,2022,2022,2022,SEAR,South-East Asia,THA,Thailand,,,,3.89274,3.89,,
GHED_EXT_pc_US_SHA2011,External health expenditure (EXT) per capita in US$,https://www.who.int/data/gho/data/indicators/indicator-details/GHO/external-health-expenditure-%28ext%29-per-capita-in-us,2019,2019,2019,SEAR,South-East Asia,THA,Thailand,,,,0.32824,0.33,,
GHED_GGHE-DCHE_SHA2011,Domestic general government health expenditure (GGHE-D) as percentage of current health expenditure (CHE) (%),https://www.who.int/data/gho/data/indicators/indicator-details/GHO/domestic-general-government-health-expenditure-%28gche-d%29-as-percentage-of-current-health-expenditure,2014,2014,2014,SEAR,South-East Asia,THA,Thailand,,,,75.68395,75.68,,
GHED_OOPSCHE_SHA2011,Out-of-pocket expenditure as percentage of current health expenditure (CHE) (%),https://www.who.int/data/gho/data/indicators/indicator-details/GHO/out-of-pocket-expenditure-as-percentage-of-current-health-expenditure-%28che%29-%28-%29,2013,2013,2013,SEAR,South-East Asia,THA,Thailand,,,,12.54023,12.54,,
GHED_GGHE-DGDP_SHA2011,Domestic general government health expenditure (GGHE-D) as percentage of gross domestic product (GDP) (%),https://www.who.int/data/gho/data/indicators/indicator-details/GHO/domestic-general-government-health-expenditure-%28gghe-d%29-as-percentage-of-gross-domestic-product-%28gdp%29-%28-%29,2004,2004,2004,SEAR,South-East Asia,THA,Thailand,,,,2.01256,2.01,,
GHED_GGHE-DCHE_SHA2011,Domestic general government health expenditure (GGHE-D) as percentage of current health expenditure (CHE) (%),https://www.who.int/data/gho/data/indicators/indicator-details/GHO/domestic-general-government-health-expenditure-%28gche-d%29-as-percentage-of-current-health-expenditure,2000,2000,2000,SEAR,South-East Asia,THA,Thailand,,,,55.18834,55.19,,
GHED_CHEGDP_SHA2011,Current health expenditure (CHE) as percentage of gross domestic product (GDP) (%),https://www.who.int/data/gho/data/indicators/indicator-details/GHO/current-health-expenditure-%28che%29-as-percentage-of-gross-domestic-product-%28gdp%29-%28-%29,2021,2021,2021,SEAR,South-East Asia,THA,Thailand,,,,5.15337,5.15,,
GHED_PVT-D_pc_US_SHA2011,Domestic private health expenditure (PVT-D) per capita in US$,https://www.who.int/data/gho/data/indicators/indicator-details/GHO/domestic-private-health-expenditure-%28pvt-d%29-per-capita-in-usd,2000,2000,2000,SEAR,South-East Asia,THA,Thailand,,,,27.87261,27.87,,
GHED_EXT_pc_US_SHA2011,External health expenditure (EXT) per capita in US$,https://www.who.int/data/gho/data/indicators/indicator-details/GHO/external-health-expenditure-%28ext%29-per-capita-in-us,2001,2001,2001,SEAR,South-East Asia,THA,Thailand,,,,0.01151,0.01,,
GHED_CHEGDP_SHA2011,Current health expenditure (CHE) as percentage of gross domestic product (GDP) (%),https://www.who.int/data/gho/data/indicators/indicator-details/GHO/current-health-expenditure-%28che%29-as-percentage-of-gross-domestic-product-%28gdp%29-%28-%29,2016,2016,2016,SEAR,South-East Asia,THA,Thailand,,,,3.93901,3.94,,
GHED_PVT-DCHE_SHA2011,Domestic private health expenditure (PVT-D) as percentage of current health expenditure (CHE) (%),https://www.who.int/data/gho/data/indicators/indicator-details/GHO/domestic-private-health-expenditure-%28pvt-d%29-as-percentage-of-current-health-expenditure-%28che%29-%28-%29,2007,2007,2007,SEAR,South-East Asia,THA,Thailand,,,,24.33661,24.34,,
GHED_OOPSCHE_SHA2011,Out-of-pocket expenditure as percentage of current health expenditure (CHE) (%),https://www.who.int/data/gho/data/indicators/indicator-details/GHO/out-of-pocket-expenditure-as-percentage-of-current-health-expenditure-%28che%29-%28-%29,2020,2020,2020,SEAR,South-East Asia,THA,Thailand,,,,10.54277,10.54,,
GHED_GGHE-DCHE_SHA2011,Domestic general government health expenditure (GGHE-D) as percentage of current health expenditure (CHE) (%),https://www.who.int/data/gho/data/indicators/indicator-details/GHO/domestic-general-government-health-expenditure-%28gche-d%29-as-percentage-of-current-health-expenditure,2012,2012,2012,SEAR,South-East Asia,THA,Thailand,,,,76.07964,76.08,,
GHED_GGHE-DGGE_SHA2011,Domestic general government health expenditure (GGHE-D) as percentage of general government expenditure (GGE) (%),https://www.who.int/data/gho/data/indicators/indicator-details/GHO/domestic-general-government-health-expenditure-%28gghe-d%29-as-percentage-of-general-government-expenditure-%28gge%29,2019,2019,2019,SEAR,South-East Asia,THA,Thailand,,,,13.27487,13.27,,
GHED_EXTCHE_SHA2011,External health expenditure (EXT) as percentage of current health expenditure (CHE) (%),https://www.who.int/data/gho/data/indicators/indicator-details/GHO/external-health-expenditure-%28ext%29-as-percentage-of-current-health-expenditure-%28che%29-%28-%29,2021,2021,2021,SEAR,South-East Asia,THA,Thailand,,,,0.08846,0.09,,
GHED_OOPSCHE_SHA2011,Out-of-pocket expenditure as percentage of current health expenditure (CHE) (%),https://www.who.int/data/gho/data/indicators/indicator-details/GHO/out-of-pocket-expenditure-as-percentage-of-current-health-expenditure-%28che%29-%28-%29,2001,2001,2001,SEAR,South-East Asia,THA,Thailand,,,,33.98861,33.99,,
GHED_OOP_pc_US_SHA2011,Out-of-pocket expenditure (OOP) per capita in US$,https://www.who.int/data/gho/data/indicators/indicator-details/GHO/out-of-pocket-expenditure-%28oop%29-per-capita-in-us,2020,2020,2020,SEAR,South-East Asia,THA,Thailand,,,,32.09026,32.09,,
GHED_PVT-D_pc_US_SHA2011,Domestic private health expenditure (PVT-D) per capita in US$,https://www.who.int/data/gho/data/indicators/indicator-details/GHO/domestic-private-health-expenditure-%28pvt-d%29-per-capita-in-usd,2005,2005,2005,SEAR,South-East Asia,THA,Thailand,,,,32.83096,32.83,,
GHED_GGHE-D_pc_US_SHA2011,Domestic general government health expenditure (GGHE-D) per capita in US$,https://www.who.int/data/gho/data/indicators/indicator-details/GHO/domestic-general-government-health-expenditure-%28gghe-d%29-per-capita-in-us,2021,2021,2021,SEAR,South-East Asia,THA,Thailand,,,,255.92689,255.93,,
GHED_GGHE-DCHE_SHA2011,Domestic general government health expenditure (GGHE-D) as percentage of current health expenditure (CHE) (%),https://www.who.int/data/gho/data/indicators/indicator-details/GHO/domestic-general-government-health-expenditure-%28gche-d%29-as-percentage-of-current-health-expenditure,2004,2004,2004,SEAR,South-East Asia,THA,Thailand,,,,64.11597,64.12,,
GHED_GGHE-DCHE_SHA2011,Domestic general government health expenditure (GGHE-D) as percentage of current health expenditure (CHE) (%),https://www.who.int/data/gho/data/indicators/indicator-details/GHO/domestic-general-government-health-expenditure-%28gche-d%29-as-percentage-of-current-health-expenditure,2006,2006,2006,SEAR,South-East Asia,THA,Thailand,,,,71.95246,71.95,,
GHED_GGHE-D_pc_US_SHA2011,Domestic general government health expenditure (GGHE-D) per capita in US$,https://www.who.int/data/gho/data/indicators/indicator-details/GHO/domestic-general-government-health-expenditure-%28gghe-d%29-per-capita-in-us,2007,2007,2007,SEAR,South-East Asia,THA,Thailand,,,,94.5955,94.6,,
GHED_PVT-D_pc_US_SHA2011,Domestic private health expenditure (PVT-D) per capita in US$,https://www.who.int/data/gho/data/indicators/indicator-details/GHO/domestic-private-health-expenditure-%28pvt-d%29-per-capita-in-usd,2006,2006,2006,SEAR,South-East Asia,THA,Thailand,,,,28.9045,28.9,,
GHED_CHE_pc_US_SHA2011,Current health expenditure (CHE) per capita in US$,https://www.who.int/data/gho/data/indicators/indicator-details/GHO/current-health-expenditure-%28che%29-per-capita-in-us-dollar,2002,2002,2002,SEAR,South-East Asia,THA,Thailand,,,,69.68746,69.69,,
GHED_GGHE-DCHE_SHA2011,Domestic general government health expenditure (GGHE-D) as percentage of current health expenditure (CHE) (%),https://www.who.int/data/gho/data/indicators/indicator-details/GHO/domestic-general-government-health-expenditure-%28gche-d%29-as-percentage-of-current-health-expenditure,2015,2015,2015,SEAR,South-East Asia,THA,Thailand,,,,71.35248,71.35,,
GHED_OOP_pc_US_SHA2011,Out-of-pocket expenditure (OOP) per capita in US$,https://www.who.int/data/gho/data/indicators/indicator-details/GHO/out-of-pocket-expenditure-%28oop%29-per-capita-in-us,2000,2000,2000,SEAR,South-East Asia,THA,Thailand,,,,21.267,21.27,,
GHED_GGHE-DGGE_SHA2011,Domestic general government health expenditure (GGHE-D) as percentage of general government expenditure (GGE) (%),https://www.who.int/data/gho/data/indicators/indicator-details/GHO/domestic-general-government-health-expenditure-%28gghe-d%29-as-percentage-of-general-government-expenditure-%28gge%29,2005,2005,2005,SEAR,South-East Asia,THA,Thailand,,,,10.50173,10.5,,
GHED_PVT-D_pc_US_SHA2011,Domestic private health expenditure (PVT-D) per capita in US$,https://www.who.int/data/gho/data/indicators/indicator-details/GHO/domestic-private-health-expenditure-%28pvt-d%29-per-capita-in-usd,2022,2022,2022,SEAR,South-East Asia,THA,Thailand,,,,100.74423,100.74,,
GHED_GGHE-DCHE_SHA2011,Domestic general government health expenditure (GGHE-D) as percentage of current health expenditure (CHE) (%),https://www.who.int/data/gho/data/indicators/indicator-details/GHO/domestic-general-government-health-expenditure-%28gche-d%29-as-percentage-of-current-health-expenditure,2009,2009,2009,SEAR,South-East Asia,THA,Thailand,,,,73.12875,73.13,,
GHED_EXT_pc_US_SHA2011,External health expenditure (EXT) per capita in US$,https://www.who.int/data/gho/data/indicators/indicator-details/GHO/external-health-expenditure-%28ext%29-per-capita-in-us,2003,2003,2003,SEAR,South-East Asia,THA,Thailand,,,,0.13838,0.14,,
GHED_CHE_pc_US_SHA2011,Current health expenditure (CHE) per capita in US$,https://www.who.int/data/gho/data/indicators/indicator-details/GHO/current-health-expenditure-%28che%29-per-capita-in-us-dollar,2021,2021,2021,SEAR,South-East Asia,THA,Thailand,,,,363.72845,363.73,,
GHED_PVT-D_pc_US_SHA2011,Domestic private health expenditure (PVT-D) per capita in US$,https://www.who.int/data/gho/data/indicators/indicator-details/GHO/domestic-private-health-expenditure-%28pvt-d%29-per-capita-in-usd,2009,2009,2009,SEAR,South-East Asia,THA,Thailand,,,,40.11334,40.11,,
GHED_PVT-D_pc_US_SHA2011,Domestic private health expenditure (PVT-D) per capita in US$,https://www.who.int/data/gho/data/indicators/indicator-details/GHO/domestic-private-health-expenditure-%28pvt-d%29-per-capita-in-usd,2013,2013,2013,SEAR,South-East Asia,THA,Thailand,,,,49.32623,49.33,,
GHED_CHEGDP_SHA2011,Current health expenditure (CHE) as percentage of gross domestic product (GDP) (%),https://www.who.int/data/gho/data/indicators/indicator-details/GHO/current-health-expenditure-%28che%29-as-percentage-of-gross-domestic-product-%28gdp%29-%28-%29,2012,2012,2012,SEAR,South-East Asia,THA,Thailand,,,,3.52294,3.52,,
GHED_CHE_pc_US_SHA2011,Current health expenditure (CHE) per capita in US$,https://www.who.int/data/gho/data/indicators/indicator-details/GHO/current-health-expenditure-%28che%29-per-capita-in-us-dollar,2010,2010,2010,SEAR,South-East Asia,THA,Thailand,,,,168.61891,168.62,,
GHED_GGHE-DCHE_SHA2011,Domestic general government health expenditure (GGHE-D) as percentage of current health expenditure (CHE) (%),https://www.who.int/data/gho/data/indicators/indicator-details/GHO/domestic-general-government-health-expenditure-%28gche-d%29-as-percentage-of-current-health-expenditure,2005,2005,2005,SEAR,South-East Asia,THA,Thailand,,,,63.71009,63.71,,
GHED_GGHE-DCHE_SHA2011,Domestic general government health expenditure (GGHE-D) as percentage of current health expenditure (CHE) (%),https://www.who.int/data/gho/data/indicators/indicator-details/GHO/domestic-general-government-health-expenditure-%28gche-d%29-as-percentage-of-current-health-expenditure,2022,2022,2022,SEAR,South-East Asia,THA,Thailand,,,,72.69756,72.70,,
GHED_GGHE-DGDP_SHA2011,Domestic general government health expenditure (GGHE-D) as percentage of gross domestic product (GDP) (%),https://www.who.int/data/gho/data/indicators/indicator-details/GHO/domestic-general-government-health-expenditure-%28gghe-d%29-as-percentage-of-gross-domestic-product-%28gdp%29-%28-%29,2008,2008,2008,SEAR,South-East Asia,THA,Thailand,,,,2.60726,2.61,,
GHED_EXT_pc_US_SHA2011,External health expenditure (EXT) per capita in US$,https://www.who.int/data/gho/data/indicators/indicator-details/GHO/external-health-expenditure-%28ext%29-per-capita-in-us,2022,2022,2022,SEAR,South-East Asia,THA,Thailand,,,,0.26841,0.27,,
GHED_GGHE-D_pc_US_SHA2011,Domestic general government health expenditure (GGHE-D) per capita in US$,https://www.who.int/data/gho/data/indicators/indicator-details/GHO/domestic-general-government-health-expenditure-%28gghe-d%29-per-capita-in-us,2014,2014,2014,SEAR,South-East Asia,THA,Thailand,,,,161.76987,161.77,,
GHED_OOPSCHE_SHA2011,Out-of-pocket expenditure as percentage of current health expenditure (CHE) (%),https://www.who.int/data/gho/data/indicators/indicator-details/GHO/out-of-pocket-expenditure-as-percentage-of-current-health-expenditure-%28che%29-%28-%29,2006,2006,2006,SEAR,South-East Asia,THA,Thailand,,,,17.65686,17.66,,
GHED_OOPSCHE_SHA2011,Out-of-pocket expenditure as percentage of current health expenditure (CHE) (%),https://www.who.int/data/gho/data/indicators/indicator-details/GHO/out-of-pocket-expenditure-as-percentage-of-current-health-expenditure-%28che%29-%28-%29,2018,2018,2018,SEAR,South-East Asia,THA,Thailand,,,,10.1111,10.11,,
GHED_OOP_pc_US_SHA2011,Out-of-pocket expenditure (OOP) per capita in US$,https://www.who.int/data/gho/data/indicators/indicator-details/GHO/out-of-pocket-expenditure-%28oop%29-per-capita-in-us,2003,2003,2003,SEAR,South-East Asia,THA,Thailand,,,,20.68385,20.68,,
GHED_OOPSCHE_SHA2011,Out-of-pocket expenditure as percentage of current health expenditure (CHE) (%),https://www.who.int/data/gho/data/indicators/indicator-details/GHO/out-of-pocket-expenditure-as-percentage-of-current-health-expenditure-%28che%29-%28-%29,2014,2014,2014,SEAR,South-East Asia,THA,Thailand,,,,12.85608,12.86,,
GHED_GGHE-DGDP_SHA2011,Domestic general government health expenditure (GGHE-D) as percentage of gross domestic product (GDP) (%),https://www.who.int/data/gho/data/indicators/indicator-details/GHO/domestic-general-government-health-expenditure-%28gghe-d%29-as-percentage-of-gross-domestic-product-%28gdp%29-%28-%29,2009,2009,2009,SEAR,South-East Asia,THA,Thailand,,,,2.64682,2.65,,
GHED_OOPSCHE_SHA2011,Out-of-pocket expenditure as percentage of current health expenditure (CHE) (%),https://www.who.int/data/gho/data/indicators/indicator-details/GHO/out-of-pocket-expenditure-as-percentage-of-current-health-expenditure-%28che%29-%28-%29,2012,2012,2012,SEAR,South-East Asia,THA,Thailand,,,,13.42187,13.42,,
GHED_GGHE-DGGE_SHA2011,Domestic general government health expenditure (GGHE-D) as percentage of general government expenditure (GGE) (%),https://www.who.int/data/gho/data/indicators/indicator-details/GHO/domestic-general-government-health-expenditure-%28gghe-d%29-as-percentage-of-general-government-expenditure-%28gge%29,2011,2011,2011,SEAR,South-East Asia,THA,Thailand,,,,12.84228,12.84,,
GHED_EXTCHE_SHA2011,External health expenditure (EXT) as percentage of current health expenditure (CHE) (%),https://www.who.int/data/gho/data/indicators/indicator-details/GHO/external-health-expenditure-%28ext%29-as-percentage-of-current-health-expenditure-%28che%29-%28-%29,2012,2012,2012,SEAR,South-East Asia,THA,Thailand,,,,0.13125,0.13,,
GHED_GGHE-D_pc_US_SHA2011,Domestic general government health expenditure (GGHE-D) per capita in US$,https://www.who.int/data/gho/data/indicators/indicator-details/GHO/domestic-general-government-health-expenditure-%28gghe-d%29-per-capita-in-us,2010,2010,2010,SEAR,South-East Asia,THA,Thailand,,,,124.39439,124.39,,
GHED_PVT-D_pc_US_SHA2011,Domestic private health expenditure (PVT-D) per capita in US$,https://www.who.int/data/gho/data/indicators/indicator-details/GHO/domestic-private-health-expenditure-%28pvt-d%29-per-capita-in-usd,2010,2010,2010,SEAR,South-East Asia,THA,Thailand,,,,44.00473,44,,
GHED_GGHE-D_pc_US_SHA2011,Domestic general government health expenditure (GGHE-D) per capita in US$,https://www.who.int/data/gho/data/indicators/indicator-details/GHO/domestic-general-government-health-expenditure-%28gghe-d%29-per-capita-in-us,2013,2013,2013,SEAR,South-East Asia,THA,Thailand,,,,157.8393,157.84,,
GHED_GGHE-DGGE_SHA2011,Domestic general government health expenditure (GGHE-D) as percentage of general government expenditure (GGE) (%),https://www.who.int/data/gho/data/indicators/indicator-details/GHO/domestic-general-government-health-expenditure-%28gghe-d%29-as-percentage-of-general-government-expenditure-%28gge%29,2006,2006,2006,SEAR,South-East Asia,THA,Thailand,,,,12.11569,12.12,,
GHED_EXTCHE_SHA2011,External health expenditure (EXT) as percentage of current health expenditure (CHE) (%),https://www.who.int/data/gho/data/indicators/indicator-details/GHO/external-health-expenditure-%28ext%29-as-percentage-of-current-health-expenditure-%28che%29-%28-%29,2008,2008,2008,SEAR,South-East Asia,THA,Thailand,,,,0.12967,0.13,,
GHED_GGHE-D_pc_US_SHA2011,Domestic general government health expenditure (GGHE-D) per capita in US$,https://www.who.int/data/gho/data/indicators/indicator-details/GHO/domestic-general-government-health-expenditure-%28gghe-d%29-per-capita-in-us,2009,2009,2009,SEAR,South-East Asia,THA,Thailand,,,,109.45764,109.46,,
GHED_GGHE-DGGE_SHA2011,Domestic general government health expenditure (GGHE-D) as percentage of general government expenditure (GGE) (%),https://www.who.int/data/gho/data/indicators/indicator-details/GHO/domestic-general-government-health-expenditure-%28gghe-d%29-as-percentage-of-general-government-expenditure-%28gge%29,2010,2010,2010,SEAR,South-East Asia,THA,Thailand,,,,11.56414,11.56,,
GHED_GGHE-D_pc_US_SHA2011,Domestic general government health expenditure (GGHE-D) per capita in US$,https://www.who.int/data/gho/data/indicators/indicator-details/GHO/domestic-general-government-health-expenditure-%28gghe-d%29-per-capita-in-us,2001,2001,2001,SEAR,South-East Asia,THA,Thailand,,,,31.46506,31.47,,
GHED_GGHE-DGGE_SHA2011,Domestic general government health expenditure (GGHE-D) as percentage of general government expenditure (GGE) (%),https://www.who.int/data/gho/data/indicators/indicator-details/GHO/domestic-general-government-health-expenditure-%28gghe-d%29-as-percentage-of-general-government-expenditure-%28gge%29,2002,2002,2002,SEAR,South-East Asia,THA,Thailand,,,,8.71551,8.72,,
GHED_GGHE-DCHE_SHA2011,Domestic general government health expenditure (GGHE-D) as percentage of current health expenditure (CHE) (%),https://www.who.int/data/gho/data/indicators/indicator-details/GHO/domestic-general-government-health-expenditure-%28gche-d%29-as-percentage-of-current-health-expenditure,2020,2020,2020,SEAR,South-East Asia,THA,Thailand,,,,70.36411,70.36,,
GHED_EXT_pc_US_SHA2011,External health expenditure (EXT) per capita in US$,https://www.who.int/data/gho/data/indicators/indicator-details/GHO/external-health-expenditure-%28ext%29-per-capita-in-us,2020,2020,2020,SEAR,South-East Asia,THA,Thailand,,,,0.24104,0.24,,
GHED_GGHE-DGDP_SHA2011,Domestic general government health expenditure (GGHE-D) as percentage of gross domestic product (GDP) (%),https://www.who.int/data/gho/data/indicators/indicator-details/GHO/domestic-general-government-health-expenditure-%28gghe-d%29-as-percentage-of-gross-domestic-product-%28gdp%29-%28-%29,2018,2018,2018,SEAR,South-East Asia,THA,Thailand,,,,2.74279,2.74,,
GHED_OOP_pc_US_SHA2011,Out-of-pocket expenditure (OOP) per capita in US$,https://www.who.int/data/gho/data/indicators/indicator-details/GHO/out-of-pocket-expenditure-%28oop%29-per-capita-in-us,2019,2019,2019,SEAR,South-East Asia,THA,Thailand,,,,24.99542,25,,
GHED_EXTCHE_SHA2011,External health expenditure (EXT) as percentage of current health expenditure (CHE) (%),https://www.who.int/data/gho/data/indicators/indicator-details/GHO/external-health-expenditure-%28ext%29-as-percentage-of-current-health-expenditure-%28che%29-%28-%29,2022,2022,2022,SEAR,South-East Asia,THA,Thailand,,,,0.07255,0.07,,
GHED_EXT_pc_US_SHA2011,External health expenditure (EXT) per capita in US$,https://www.who.int/data/gho/data/indicators/indicator-details/GHO/external-health-expenditure-%28ext%29-per-capita-in-us,2021,2021,2021,SEAR,South-East Asia,THA,Thailand,,,,0.32176,0.32,,
GHED_OOPSCHE_SHA2011,Out-of-pocket expenditure as percentage of current health expenditure (CHE) (%),https://www.who.int/data/gho/data/indicators/indicator-details/GHO/out-of-pocket-expenditure-as-percentage-of-current-health-expenditure-%28che%29-%28-%29,2011,2011,2011,SEAR,South-East Asia,THA,Thailand,,,,13.00871,13.01,,
GHED_CHEGDP_SHA2011,Current health expenditure (CHE) as percentage of gross domestic product (GDP) (%),https://www.who.int/data/gho/data/indicators/indicator-details/GHO/current-health-expenditure-%28che%29-as-percentage-of-gross-domestic-product-%28gdp%29-%28-%29,2007,2007,2007,SEAR,South-East Asia,THA,Thailand,,,,3.19278,3.19,,
GHED_CHE_pc_US_SHA2011,Current health expenditure (CHE) per capita in US$,https://www.who.int/data/gho/data/indicators/indicator-details/GHO/current-health-expenditure-%28che%29-per-capita-in-us-dollar,2012,2012,2012,SEAR,South-East Asia,THA,Thailand,,,,201.70691,201.71,,
GHED_OOPSCHE_SHA2011,Out-of-pocket expenditure as percentage of current health expenditure (CHE) (%),https://www.who.int/data/gho/data/indicators/indicator-details/GHO/out-of-pocket-expenditure-as-percentage-of-current-health-expenditure-%28che%29-%28-%29,2005,2005,2005,SEAR,South-East Asia,THA,Thailand,,,,27.58306,27.58,,
GHED_GGHE-DGGE_SHA2011,Domestic general government health expenditure (GGHE-D) as percentage of general government expenditure (GGE) (%),https://www.who.int/data/gho/data/indicators/indicator-details/GHO/domestic-general-government-health-expenditure-%28gghe-d%29-as-percentage-of-general-government-expenditure-%28gge%29,2012,2012,2012,SEAR,South-East Asia,THA,Thailand,,,,12.641,12.64,,
GHED_GGHE-DCHE_SHA2011,Domestic general government health expenditure (GGHE-D) as percentage of current health expenditure (CHE) (%),https://www.who.int/data/gho/data/indicators/indicator-details/GHO/domestic-general-government-health-expenditure-%28gche-d%29-as-percentage-of-current-health-expenditure,2013,2013,2013,SEAR,South-East Asia,THA,Thailand,,,,75.95277,75.95,,
GHED_EXT_pc_US_SHA2011,External health expenditure (EXT) per capita in US$,https://www.who.int/data/gho/data/indicators/indicator-details/GHO/external-health-expenditure-%28ext%29-per-capita-in-us,2012,2012,2012,SEAR,South-East Asia,THA,Thailand,,,,0.26474,0.26,,
GHED_PVT-D_pc_US_SHA2011,Domestic private health expenditure (PVT-D) per capita in US$,https://www.who.int/data/gho/data/indicators/indicator-details/GHO/domestic-private-health-expenditure-%28pvt-d%29-per-capita-in-usd,2015,2015,2015,SEAR,South-East Asia,THA,Thailand,,,,62.1703,62.17,,
GHED_GGHE-DGGE_SHA2011,Domestic general government health expenditure (GGHE-D) as percentage of general government expenditure (GGE) (%),https://www.who.int/data/gho/data/indicators/indicator-details/GHO/domestic-general-government-health-expenditure-%28gghe-d%29-as-percentage-of-general-government-expenditure-%28gge%29,2014,2014,2014,SEAR,South-East Asia,THA,Thailand,,,,12.66283,12.66,,
GHED_GGHE-DGGE_SHA2011,Domestic general government health expenditure (GGHE-D) as percentage of general government expenditure (GGE) (%),https://www.who.int/data/gho/data/indicators/indicator-details/GHO/domestic-general-government-health-expenditure-%28gghe-d%29-as-percentage-of-general-government-expenditure-%28gge%29,2017,2017,2017,SEAR,South-East Asia,THA,Thailand,,,,13.1016,13.1,,
GHED_PVT-D_pc_US_SHA2011,Domestic private health expenditure (PVT-D) per capita in US$,https://www.who.int/data/gho/data/indicators/indicator-details/GHO/domestic-private-health-expenditure-%28pvt-d%29-per-capita-in-usd,2003,2003,2003,SEAR,South-East Asia,THA,Thailand,,,,27.97477,27.97,,
GHED_GGHE-DCHE_SHA2011,Domestic general government health expenditure (GGHE-D) as percentage of current health expenditure (CHE) (%),https://www.who.int/data/gho/data/indicators/indicator-details/GHO/domestic-general-government-health-expenditure-%28gche-d%29-as-percentage-of-current-health-expenditure,2003,2003,2003,SEAR,South-East Asia,THA,Thailand,,,,63.07396,63.07,,
GHED_EXT_pc_US_SHA2011,External health expenditure (EXT) per capita in US$,https://www.who.int/data/gho/data/indicators/indicator-details/GHO/external-health-expenditure-%28ext%29-per-capita-in-us,2002,2002,2002,SEAR,South-East Asia,THA,Thailand,,,,0.14699,0.15,,
GHED_CHEGDP_SHA2011,Current health expenditure (CHE) as percentage of gross domestic product (GDP) (%),https://www.who.int/data/gho/data/indicators/indicator-details/GHO/current-health-expenditure-%28che%29-as-percentage-of-gross-domestic-product-%28gdp%29-%28-%29,2006,2006,2006,SEAR,South-East Asia,THA,Thailand,,,,3.09971,3.1,,
GHED_GGHE-DGDP_SHA2011,Domestic general government health expenditure (GGHE-D) as percentage of gross domestic product (GDP) (%),https://www.who.int/data/gho/data/indicators/indicator-details/GHO/domestic-general-government-health-expenditure-%28gghe-d%29-as-percentage-of-gross-domestic-product-%28gdp%29-%28-%29,2006,2006,2006,SEAR,South-East Asia,THA,Thailand,,,,2.23032,2.23,,
GHED_OOPSCHE_SHA2011,Out-of-pocket expenditure as percentage of current health expenditure (CHE) (%),https://www.who.int/data/gho/data/indicators/indicator-details/GHO/out-of-pocket-expenditure-as-percentage-of-current-health-expenditure-%28che%29-%28-%29,2019,2019,2019,SEAR,South-East Asia,THA,Thailand,,,,8.6696,8.67,,
GHED_OOP_pc_US_SHA2011,Out-of-pocket expenditure (OOP) per capita in US$,https://www.who.int/data/gho/data/indicators/indicator-details/GHO/out-of-pocket-expenditure-%28oop%29-per-capita-in-us,2011,2011,2011,SEAR,South-East Asia,THA,Thailand,,,,24.94351,24.94,,
GHED_GGHE-DGDP_SHA2011,Domestic general government health expenditure (GGHE-D) as percentage of gross domestic product (GDP) (%),https://www.who.int/data/gho/data/indicators/indicator-details/GHO/domestic-general-government-health-expenditure-%28gghe-d%29-as-percentage-of-gross-domestic-product-%28gdp%29-%28-%29,2015,2015,2015,SEAR,South-East Asia,THA,Thailand,,,,2.7487,2.75,,
GHED_CHE_pc_US_SHA2011,Current health expenditure (CHE) per capita in US$,https://www.who.int/data/gho/data/indicators/indicator-details/GHO/current-health-expenditure-%28che%29-per-capita-in-us-dollar,2004,2004,2004,SEAR,South-East Asia,THA,Thailand,,,,82.91682,82.92,,
GHED_OOP_pc_US_SHA2011,Out-of-pocket expenditure (OOP) per capita in US$,https://www.who.int/data/gho/data/indicators/indicator-details/GHO/out-of-pocket-expenditure-%28oop%29-per-capita-in-us,2009,2009,2009,SEAR,South-East Asia,THA,Thailand,,,,23.80253,23.8,,
GHED_EXTCHE_SHA2011,External health expenditure (EXT) as percentage of current health expenditure (CHE) (%),https://www.who.int/data/gho/data/indicators/indicator-details/GHO/external-health-expenditure-%28ext%29-as-percentage-of-current-health-expenditure-%28che%29-%28-%29,2010,2010,2010,SEAR,South-East Asia,THA,Thailand,,,,0.13035,0.13,,
GHED_GGHE-DCHE_SHA2011,Domestic general government health expenditure (GGHE-D) as percentage of current health expenditure (CHE) (%),https://www.who.int/data/gho/data/indicators/indicator-details/GHO/domestic-general-government-health-expenditure-%28gche-d%29-as-percentage-of-current-health-expenditure,2019,2019,2019,SEAR,South-East Asia,THA,Thailand,,,,71.65908,71.66,,
GHED_GGHE-DGGE_SHA2011,Domestic general government health expenditure (GGHE-D) as percentage of general government expenditure (GGE) (%),https://www.who.int/data/gho/data/indicators/indicator-details/GHO/domestic-general-government-health-expenditure-%28gghe-d%29-as-percentage-of-general-government-expenditure-%28gge%29,2016,2016,2016,SEAR,South-East Asia,THA,Thailand,,,,13.58405,13.58,,
